日期,中国国债收益率2年,中国国债收益率5年,中国国债收益率10年,中国国债收益率30年,美国国债收益率10年
2019-01-01,2.192,2.443,2.478,3.022,422.073
2019-01-02,2.181,2.438,2.483,3.013,426.678
2019-01-03,2.184,2.468,2.478,3.004,426.702
2019-01-04,2.199,2.468,2.477,3.01,425.417
2019-01-07,2.197,2.49,2.486,2.97,424.092
2019-01-08,2.202,2.515,2.466,2.985,422.452
2019-01-09,2.211,2.513,2.439,2.986,422.982
2019-01-10,2.224,2.471,2.458,2.953,425.748
2019-01-11,2.208,2.488,2.47,2.984,424.493
2019-01-14,2.217,2.46,2.465,2.981,423.384
2019-01-15,2.217,2.432,2.44,2.982,424.953
2019-01-16,2.206,2.436,2.453,2.967,425.16
2019-01-17,2.195,2.415,2.456,2.968,428.398
2019-01-18,2.191,2.432,2.478,2.955,424.612
2019-01-21,2.174,2.469,2.491,2.955,427.489
2019-01-22,2.149,2.48,2.467,2.96,427.412
2019-01-23,2.15,2.498,2.496,2.972,426.462
2019-01-24,2.164,2.518,2.548,2.952,421.598
2019-01-25,2.16,2.493,2.578,2.942,422.198
2019-01-28,2.173,2.481,2.576,2.892,422.903
2019-01-29,2.167,2.434,2.587,2.883,425.808
2019-01-30,2.15,2.476,2.593,2.858,429.077
2019-01-31,2.124,2.445,2.608,2.915,427.715
2019-02-01,2.11,2.465,2.604,2.925,433.256
2019-02-04,2.135,2.462,2.562,2.954,431.071
2019-02-05,2.132,2.434,2.548,2.95,431.529
2019-02-06,2.101,2.466,2.559,2.974,428.796
2019-02-07,2.101,2.464,2.561,2.998,423.782
2019-02-08,2.095,2.504,2.568,3.03,422.262
2019-02-11,2.088,2.477,2.573,3.049,422.472
2019-02-12,2.077,2.486,2.584,3.018,424.729
2019-02-13,2.063,2.505,2.61,2.989,422.619
2019-02-14,2.058,2.487,2.627,2.969,423.275
2019-02-15,2.028,2.465,2.684,2.953,424.655
2019-02-18,2.01,2.488,2.704,2.967,424.28
2019-02-19,2.005,2.47,2.718,3.026,423.81
2019-02-20,2.017,2.44,2.716,3.053,419.791
2019-02-21,2.025,2.454,2.747,3.057,420.654
2019-02-22,2.056,2.446,2.787,3.0,418.662
2019-02-25,2.076,2.47,2.779,2.977,416.285
2019-02-26,2.045,2.477,2.763,2.992,418.603
2019-02-27,2.054,2.47,2.761,2.996,421.663
2019-02-28,2.071,2.467,2.771,3.038,420.055
2019-03-01,2.075,2.481,2.782,3.039,415.585
2019-03-04,2.044,2.524,2.759,3.047,419.242
2019-03-05,2.039,2.561,2.742,3.087,421.087
2019-03-06,2.026,2.535,2.774,3.107,419.163
2019-03-07,2.032,2.523,2.775,3.095,418.626
2019-03-08,2.051,2.511,2.736,3.015,420.457
2019-03-11,2.062,2.515,2.736,3.047,424.003
2019-03-12,2.045,2.52,2.694,3.013,423.168
2019-03-13,2.058,2.523,2.712,3.05,422.651
2019-03-14,2.059,2.566,2.711,2.989,421.952
2019-03-15,2.075,2.568,2.694,3.008,421.105
2019-03-18,2.071,2.56,2.685,3.014,422.236
2019-03-19,2.074,2.558,2.704,3.026,421.859
2019-03-20,2.073,2.551,2.696,3.105,424.716
2019-03-21,2.07,2.547,2.693,3.17,424.433
2019-03-22,2.095,2.575,2.7,3.188,428.642
2019-03-25,2.11,2.585,2.692,3.198,425.056
2019-03-26,2.117,2.537,2.7,3.195,425.898
2019-03-27,2.093,2.587,2.696,3.172,427.491
2019-03-28,2.082,2.599,2.73,3.089,426.037
2019-03-29,2.082,2.562,2.803,3.127,425.455
2019-04-01,2.091,2.552,2.814,3.146,422.2
2019-04-02,2.062,2.54,2.845,3.132,420.867
2019-04-03,2.076,2.539,2.854,3.122,412.577
2019-04-04,2.057,2.532,2.805,3.113,411.724
2019-04-05,2.036,2.485,2.841,3.127,413.004
2019-04-08,2.053,2.474,2.835,3.106,414.405
2019-04-09,2.042,2.508,2.86,3.156,411.811
2019-04-10,2.047,2.478,2.846,3.131,411.765
2019-04-11,2.063,2.515,2.895,3.11,410.357
2019-04-12,2.072,2.489,2.866,3.147,410.785
2019-04-15,2.053,2.471,2.887,3.133,412.852
2019-04-16,2.043,2.467,2.872,3.133,413.199
2019-04-17,2.032,2.452,2.871,3.131,412.636
2019-04-18,2.037,2.445,2.845,3.146,414.643
2019-04-19,2.041,2.454,2.866,3.109,409.149
2019-04-22,2.058,2.457,2.899,3.108,411.78
2019-04-23,2.065,2.51,2.931,3.108,412.06
2019-04-24,2.08,2.507,2.907,3.099,409.665
2019-04-25,2.076,2.518,2.912,3.112,404.4
2019-04-26,2.07,2.508,2.926,3.125,403.526
2019-04-29,2.043,2.477,2.934,3.18,399.548
2019-04-30,2.031,2.455,2.906,3.15,399.115
2019-05-01,2.003,2.471,2.888,3.165,397.133
2019-05-02,1.989,2.485,2.896,3.14,396.345
2019-05-03,2.012,2.489,2.879,3.152,397.677
2019-05-06,2.015,2.52,2.918,3.122,399.654
2019-05-07,2.016,2.48,2.917,3.144,399.58
2019-05-08,2.013,2.471,2.897,3.133,399.128
2019-05-09,2.005,2.469,2.882,3.116,397.197
2019-05-10,2.003,2.477,2.886,3.084,400.663
2019-05-13,2.019,2.455,2.914,3.117,402.705
2019-05-14,2.001,2.477,2.928,3.11,405.919
2019-05-15,1.99,2.462,2.917,3.125,408.05
2019-05-16,1.975,2.467,2.926,3.136,407.127
2019-05-17,1.969,2.455,2.934,3.137,406.037
2019-05-20,2.011,2.433,2.987,3.138,406.497
2019-05-21,2.041,2.42,2.98,3.174,406.255
2019-05-22,2.073,2.438,2.974,3.174,405.662
2019-05-23,2.051,2.425,3.011,3.174,404.29
2019-05-24,2.028,2.402,3.013,3.174,399.307
2019-05-27,2.043,2.429,3.004,3.174,397.947
2019-05-28,2.028,2.427,3.009,3.174,397.808
2019-05-29,2.033,2.404,3.013,3.174,394.902
2019-05-30,2.01,2.429,3.01,3.174,391.848
2019-05-31,2.029,2.432,2.984,3.174,395.83
2019-06-03,2.027,2.402,2.976,3.174,398.402
2019-06-04,2.021,2.365,2.959,3.174,393.188
2019-06-05,2.067,2.343,2.971,3.174,392.421
2019-06-06,2.07,2.348,2.95,3.115,384.405
2019-06-07,2.053,2.347,2.91,3.08,385.156
2019-06-10,2.037,2.344,2.889,3.043,386.177
2019-06-11,2.058,2.331,2.892,3.057,385.009
2019-06-12,2.042,2.343,2.895,3.034,390.416
2019-06-13,2.067,2.347,2.85,3.075,392.557
2019-06-14,2.046,2.376,2.841,3.107,389.577
2019-06-17,2.049,2.371,2.852,3.146,391.432
2019-06-18,2.028,2.374,2.843,3.123,398.346
2019-06-19,2.044,2.394,2.819,3.128,397.867
2019-06-20,2.062,2.395,2.798,3.145,397.283
2019-06-21,2.068,2.362,2.734,3.12,399.487
2019-06-24,2.061,2.376,2.726,3.177,401.18
2019-06-25,2.048,2.395,2.722,3.194,400.484
2019-06-26,2.043,2.435,2.711,3.272,400.277
2019-06-27,2.019,2.409,2.689,3.271,405.434
2019-06-28,2.004,2.407,2.686,3.25,405.474
2019-07-01,2.023,2.365,2.728,3.231,402.885
2019-07-02,2.012,2.376,2.716,3.218,400.192
2019-07-03,2.01,2.38,2.663,3.219,396.416
2019-07-04,2.03,2.379,2.66,3.217,392.991
2019-07-05,2.034,2.388,2.659,3.221,392.37
2019-07-08,2.033,2.374,2.667,3.222,389.159
2019-07-09,2.049,2.38,2.682,3.194,392.979
2019-07-10,2.056,2.426,2.672,3.172,395.417
2019-07-11,2.061,2.408,2.657,3.208,394.914
2019-07-12,2.063,2.4,2.603,3.189,391.876
2019-07-15,2.086,2.407,2.623,3.202,394.382
2019-07-16,2.114,2.429,2.645,3.146,395.981
2019-07-17,2.073,2.433,2.619,3.164,398.521
2019-07-18,2.104,2.428,2.601,3.201,401.528
2019-07-19,2.117,2.407,2.601,3.238,402.812
2019-07-22,2.111,2.384,2.598,3.245,403.501
2019-07-23,2.125,2.388,2.592,3.228,402.807
2019-07-24,2.099,2.374,2.61,3.228,399.306
2019-07-25,2.104,2.371,2.609,3.21,401.476
2019-07-26,2.124,2.393,2.646,3.196,404.051
2019-07-29,2.118,2.366,2.638,3.183,401.196
2019-07-30,2.078,2.354,2.631,3.18,398.36
2019-07-31,2.079,2.354,2.617,3.161,400.017
2019-08-01,2.075,2.353,2.645,3.211,399.793
2019-08-02,2.099,2.34,2.654,3.198,398.188
2019-08-05,2.115,2.306,2.663,3.164,394.351
2019-08-06,2.149,2.298,2.637,3.157,394.025
2019-08-07,2.151,2.272,2.639,3.134,392.636
2019-08-08,2.164,2.284,2.65,3.125,389.857
2019-08-09,2.176,2.312,2.672,3.097,392.573
2019-08-12,2.166,2.275,2.704,3.087,391.261
2019-08-13,2.172,2.262,2.717,3.08,390.626
2019-08-14,2.219,2.272,2.751,3.117,394.323
2019-08-15,2.21,2.253,2.766,3.102,394.875
2019-08-16,2.221,2.248,2.753,3.156,395.703
2019-08-19,2.22,2.244,2.751,3.178,395.328
2019-08-20,2.235,2.264,2.781,3.153,393.85
2019-08-21,2.222,2.264,2.749,3.129,393.28
2019-08-22,2.248,2.283,2.74,3.138,392.503
2019-08-23,2.247,2.309,2.731,3.144,393.486
2019-08-26,2.243,2.315,2.718,3.139,390.417
2019-08-27,2.235,2.307,2.725,3.142,387.156
2019-08-28,2.243,2.331,2.749,3.17,387.839
2019-08-29,2.227,2.348,2.737,3.168,387.345
2019-08-30,2.244,2.318,2.742,3.218,386.854
2019-09-02,2.233,2.32,2.702,3.205,386.167
2019-09-03,2.23,2.33,2.71,3.198,386.714
2019-09-04,2.254,2.318,2.728,3.21,386.008
2019-09-05,2.281,2.315,2.737,3.189,387.539
2019-09-06,2.285,2.303,2.75,3.122,390.51
2019-09-09,2.276,2.295,2.727,3.083,386.676
2019-09-10,2.277,2.278,2.755,3.087,388.439
2019-09-11,2.292,2.28,2.772,3.049,384.94
2019-09-12,2.296,2.26,2.824,3.054,382.544
2019-09-13,2.306,2.248,2.829,3.061,374.641
2019-09-16,2.329,2.244,2.844,3.107,379.526
2019-09-17,2.296,2.25,2.836,3.091,377.836
2019-09-18,2.298,2.252,2.792,3.06,380.773
2019-09-19,2.3,2.273,2.796,3.114,381.497
2019-09-20,2.291,2.262,2.785,3.096,380.321
2019-09-23,2.301,2.284,2.788,3.081,378.282
2019-09-24,2.286,2.24,2.799,3.044,377.733
2019-09-25,2.279,2.264,2.813,3.029,383.866
2019-09-26,2.273,2.266,2.822,2.98,384.272
2019-09-27,2.308,2.25,2.838,2.964,381.56
2019-09-30,2.288,2.246,2.84,2.981,382.186
2019-10-01,2.286,2.24,2.845,2.972,386.616
2019-10-02,2.304,2.234,2.835,3.017,388.908
2019-10-03,2.316,2.265,2.817,3.031,389.607
2019-10-04,2.293,2.27,2.852,3.059,389.15
2019-10-07,2.295,2.254,2.864,3.073,385.029
2019-10-08,2.261,2.26,2.84,3.042,383.588
2019-10-09,2.276,2.279,2.848,3.038,383.001
2019-10-10,2.287,2.272,2.836,3.053,384.667
2019-10-11,2.277,2.278,2.819,3.091,384.047
2019-10-14,2.258,2.28,2.821,3.079,385.154
2019-10-15,2.259,2.296,2.845,3.092,387.642
2019-10-16,2.246,2.302,2.885,3.111,388.054
2019-10-17,2.228,2.286,2.892,3.1,390.773
2019-10-18,2.229,2.315,2.935,3.093,390.058
2019-10-21,2.248,2.327,2.913,3.166,390.347
2019-10-22,2.24,2.336,2.872,3.111,390.631
2019-10-23,2.223,2.343,2.867,3.1,388.168
2019-10-24,2.208,2.35,2.839,3.099,388.286
2019-10-25,2.23,2.362,2.811,3.045,391.997
2019-10-28,2.212,2.355,2.828,3.045,391.113
2019-10-29,2.193,2.328,2.843,3.056,391.305
2019-10-30,2.204,2.331,2.87,3.06,388.144
2019-10-31,2.207,2.31,2.827,3.153,381.771
2019-11-01,2.227,2.338,2.849,3.138,379.892
2019-11-04,2.232,2.316,2.843,3.164,379.407
2019-11-05,2.219,2.336,2.865,3.14,382.313
2019-11-06,2.24,2.343,2.896,3.142,382.727
2019-11-07,2.216,2.35,2.875,3.128,384.872
2019-11-08,2.227,2.337,2.844,3.117,383.98
2019-11-11,2.221,2.336,2.844,3.137,384.81
2019-11-12,2.241,2.308,2.84,3.132,386.297
2019-11-13,2.237,2.299,2.875,3.137,385.077
2019-11-14,2.245,2.299,2.873,3.117,385.813
2019-11-15,2.24,2.296,2.866,3.085,385.248
2019-11-18,2.244,2.275,2.883,3.079,387.566
2019-11-19,2.252,2.3,2.894,3.093,386.182
2019-11-20,2.245,2.276,2.896,3.108,384.939
2019-11-21,2.241,2.278,2.903,3.116,382.41
2019-11-22,2.267,2.288,2.933,3.124,378.976
2019-11-25,2.266,2.288,2.963,3.136,375.324
2019-11-26,2.31,2.255,2.963,3.123,381.12
2019-11-27,2.31,2.212,2.93,3.163,382.381
2019-11-28,2.282,2.191,2.906,3.202,382.286
2019-11-29,2.249,2.199,2.883,3.198,382.755
2019-12-02,2.274,2.175,2.892,3.18,379.118
2019-12-03,2.266,2.196,2.861,3.2,379.572
2019-12-04,2.246,2.135,2.837,3.178,378.541
2019-12-05,2.277,2.124,2.887,3.202,378.507
2019-12-06,2.272,2.154,2.902,3.184,382.82
2019-12-09,2.263,2.134,2.909,3.168,380.239
2019-12-10,2.277,2.135,2.924,3.165,374.341
2019-12-11,2.276,2.135,2.924,3.197,375.345
2019-12-12,2.282,2.129,2.936,3.166,374.978
2019-12-13,2.284,2.095,2.946,3.188,377.176
2019-12-16,2.27,2.105,2.953,3.198,374.312
2019-12-17,2.251,2.096,2.964,3.193,371.377
2019-12-18,2.265,2.091,2.959,3.145,373.252
2019-12-19,2.272,2.101,2.944,3.112,372.528
2019-12-20,2.268,2.105,2.956,3.118,373.881
2019-12-23,2.217,2.113,2.963,3.118,374.928
2019-12-24,2.204,2.107,2.971,3.149,377.504
2019-12-25,2.202,2.087,2.959,3.178,375.513
2019-12-26,2.223,2.096,2.944,3.192,378.074
2019-12-27,2.231,2.077,2.959,3.179,378.804
2019-12-30,2.263,2.062,2.971,3.167,375.348
2019-12-31,2.225,2.066,2.975,3.213,376.94
2020-01-01,2.211,2.081,3.002,3.201,383.276
2020-01-02,2.214,2.115,3.005,3.165,382.811
2020-01-03,2.189,2.083,3.012,3.164,383.197
2020-01-06,2.189,2.104,2.992,3.157,385.311
2020-01-07,2.196,2.102,3.019,3.158,385.462
2020-01-08,2.204,2.098,3.007,3.152,386.815
2020-01-09,2.22,2.092,2.999,3.168,386.248
2020-01-10,2.189,2.09,3.012,3.159,389.538
2020-01-13,2.167,2.098,3.023,3.177,387.959
2020-01-14,2.163,2.112,2.999,3.19,388.742
2020-01-15,2.166,2.121,3.005,3.22,386.982
2020-01-16,2.147,2.12,3.014,3.211,387.086
2020-01-17,2.135,2.132,3.034,3.249,386.935
2020-01-20,2.127,2.128,2.993,3.243,389.84
2020-01-21,2.139,2.186,2.964,3.182,396.271
2020-01-22,2.145,2.206,2.944,3.202,392.724
2020-01-23,2.161,2.22,2.952,3.159,396.131
2020-01-24,2.167,2.24,2.933,3.162,397.571
2020-01-27,2.214,2.229,2.947,3.153,398.278
2020-01-28,2.208,2.238,2.957,3.151,396.905
2020-01-29,2.209,2.247,2.933,3.163,394.062
2020-01-30,2.211,2.263,2.904,3.162,395.025
2020-01-31,2.237,2.259,2.863,3.153,397.602
2020-02-03,2.281,2.244,2.868,3.164,396.953
2020-02-04,2.286,2.249,2.891,3.197,398.878
2020-02-05,2.292,2.246,2.875,3.23,400.936
2020-02-06,2.316,2.235,2.876,3.276,403.277
2020-02-07,2.307,2.257,2.866,3.263,404.316
2020-02-10,2.3,2.283,2.903,3.227,399.146
2020-02-11,2.248,2.287,2.889,3.198,398.436
2020-02-12,2.255,2.285,2.877,3.202,401.116
2020-02-13,2.242,2.287,2.916,3.164,405.856
2020-02-14,2.258,2.301,2.96,3.132,404.252
2020-02-17,2.258,2.293,2.955,3.15,404.371
2020-02-18,2.237,2.296,2.944,3.194,402.683
2020-02-19,2.234,2.263,2.945,3.187,397.769
2020-02-20,2.231,2.253,2.927,3.191,396.767
2020-02-21,2.227,2.235,2.933,3.222,398.593
2020-02-24,2.224,2.232,2.935,3.259,397.443
2020-02-25,2.228,2.231,2.944,3.245,398.103
2020-02-26,2.23,2.203,2.921,3.245,395.153
2020-02-27,2.228,2.184,2.914,3.213,395.679
2020-02-28,2.235,2.197,2.944,3.254,392.763
2020-03-02,2.235,2.213,2.964,3.217,393.167
2020-03-03,2.237,2.202,2.988,3.202,395.141
2020-03-04,2.238,2.214,2.991,3.194,395.316
2020-03-05,2.228,2.212,3.026,3.178,394.227
2020-03-06,2.214,2.213,3.033,3.174,393.467
2020-03-09,2.212,2.214,3.044,3.2,391.529
2020-03-10,2.203,2.24,3.078,3.144,391.497
2020-03-11,2.223,2.242,3.079,3.17,391.916
2020-03-12,2.23,2.246,3.06,3.188,394.304
2020-03-13,2.205,2.248,3.063,3.178,395.109
2020-03-16,2.216,2.248,3.072,3.137,392.73
2020-03-17,2.212,2.264,3.07,3.139,390.511
2020-03-18,2.22,2.243,3.035,3.133,390.02
2020-03-19,2.21,2.284,3.042,3.132,389.7
2020-03-20,2.213,2.273,3.032,3.097,387.658
2020-03-23,2.218,2.285,3.005,3.138,388.567
2020-03-24,2.196,2.307,3.006,3.101,391.009
2020-03-25,2.208,2.317,2.926,3.112,390.885
2020-03-26,2.197,2.272,2.923,3.078,395.411
2020-03-27,2.18,2.267,2.931,3.071,395.087
2020-03-30,2.175,2.265,2.962,3.058,396.988
2020-03-31,2.179,2.277,2.972,3.073,394.01
2020-04-01,2.152,2.288,2.982,3.077,387.537
2020-04-02,2.18,2.304,2.953,3.103,387.807
2020-04-03,2.195,2.308,3.019,3.114,386.13
2020-04-06,2.183,2.329,3.025,3.122,386.687
2020-04-07,2.184,2.332,3.042,3.135,388.979
2020-04-08,2.211,2.35,3.079,3.148,392.125
2020-04-09,2.203,2.367,3.054,3.165,390.917
2020-04-10,2.199,2.37,3.055,3.17,394.37
2020-04-13,2.226,2.394,3.049,3.142,391.966
2020-04-14,2.244,2.409,3.073,3.169,394.862
2020-04-15,2.224,2.412,3.084,3.162,395.594
2020-04-16,2.235,2.402,3.121,3.177,393.763
2020-04-17,2.251,2.406,3.162,3.167,389.878
2020-04-20,2.255,2.418,3.143,3.182,393.11
2020-04-21,2.269,2.395,3.162,3.164,392.844
2020-04-22,2.255,2.379,3.215,3.19,394.883
2020-04-23,2.292,2.383,3.221,3.158,397.511
2020-04-24,2.285,2.371,3.207,3.177,401.86
2020-04-27,2.266,2.391,3.206,3.157,399.552
2020-04-28,2.267,2.417,3.207,3.136,400.259
2020-04-29,2.236,2.418,3.229,3.187,400.158
2020-04-30,2.22,2.413,3.202,3.183,398.641
2020-05-01,2.197,2.384,3.214,3.208,401.224
2020-05-04,2.21,2.36,3.229,3.215,404.211
2020-05-05,2.24,2.377,3.255,3.203,402.016
2020-05-06,2.249,2.386,3.236,3.211,400.439
2020-05-07,2.265,2.421,3.23,3.221,402.219
2020-05-08,2.251,2.425,3.221,3.232,398.872
2020-05-11,2.262,2.446,3.25,3.223,399.546
2020-05-12,2.26,2.468,3.247,3.243,398.749
2020-05-13,2.305,2.47,3.238,3.21,395.715
2020-05-14,2.329,2.497,3.332,3.224,397.268
2020-05-15,2.319,2.452,3.365,3.244,400.45
2020-05-18,2.318,2.406,3.374,3.252,403.473
2020-05-19,2.282,2.435,3.366,3.23,405.2
2020-05-20,2.299,2.415,3.354,3.253,405.044
2020-05-21,2.335,2.447,3.361,3.225,400.576
2020-05-22,2.341,2.479,3.386,3.205,398.276
2020-05-25,2.357,2.472,3.381,3.218,397.113
2020-05-26,2.346,2.443,3.378,3.227,392.472
2020-05-27,2.357,2.448,3.396,3.247,394.504
2020-05-28,2.35,2.477,3.378,3.279,395.202
2020-05-29,2.368,2.474,3.358,3.287,392.324
2020-06-01,2.349,2.513,3.382,3.264,390.492
2020-06-02,2.342,2.514,3.396,3.314,391.924
2020-06-03,2.329,2.518,3.372,3.298,392.66
2020-06-04,2.343,2.501,3.364,3.328,390.206
2020-06-05,2.297,2.48,3.364,3.328,390.126
2020-06-08,2.334,2.471,3.372,3.354,395.443
2020-06-09,2.375,2.471,3.367,3.344,394.339
2020-06-10,2.369,2.484,3.429,3.389,396.324
2020-06-11,2.337,2.451,3.435,3.401,393.618
2020-06-12,2.376,2.487,3.427,3.374,394.606
2020-06-15,2.383,2.479,3.413,3.368,395.761
2020-06-16,2.378,2.475,3.436,3.361,398.478
2020-06-17,2.375,2.489,3.418,3.385,399.115
2020-06-18,2.375,2.459,3.414,3.423,395.36
2020-06-19,2.403,2.454,3.411,3.402,391.059
2020-06-22,2.402,2.458,3.426,3.409,392.483
2020-06-23,2.404,2.437,3.427,3.4,389.681
2020-06-24,2.414,2.478,3.391,3.404,390.503
2020-06-25,2.421,2.466,3.361,3.394,392.268
2020-06-26,2.4,2.455,3.369,3.376,390.55
2020-06-29,2.406,2.459,3.336,3.414,384.136
2020-06-30,2.383,2.465,3.295,3.42,383.928
2020-07-01,2.399,2.455,3.307,3.388,383.822
2020-07-02,2.386,2.468,3.329,3.387,387.566
2020-07-03,2.385,2.47,3.328,3.338,392.227
2020-07-06,2.394,2.47,3.319,3.309,394.014
2020-07-07,2.356,2.482,3.319,3.354,392.23
2020-07-08,2.337,2.5,3.346,3.334,390.846
2020-07-09,2.329,2.479,3.319,3.36,392.549
2020-07-10,2.328,2.496,3.337,3.362,392.48
2020-07-13,2.335,2.528,3.35,3.368,391.001
2020-07-14,2.347,2.57,3.335,3.328,386.547
2020-07-15,2.373,2.586,3.36,3.36,384.148
2020-07-16,2.383,2.551,3.339,3.319,385.385
2020-07-17,2.391,2.529,3.361,3.379,385.063
2020-07-20,2.379,2.538,3.337,3.424,387.844
2020-07-21,2.386,2.526,3.302,3.413,391.66
2020-07-22,2.405,2.525,3.287,3.479,397.848
2020-07-23,2.409,2.514,3.273,3.506,400.48
2020-07-24,2.427,2.525,3.291,3.53,397.165
2020-07-27,2.471,2.545,3.303,3.592,400.19
2020-07-28,2.436,2.552,3.3,3.541,398.279
2020-07-29,2.431,2.568,3.329,3.555,398.632
2020-07-30,2.441,2.564,3.338,3.567,402.611
2020-07-31,2.496,2.581,3.331,3.584,400.893
2020-08-03,2.472,2.557,3.305,3.543,401.701
2020-08-04,2.469,2.537,3.247,3.539,402.015
2020-08-05,2.484,2.542,3.271,3.504,402.357
2020-08-06,2.505,2.566,3.261,3.481,404.321
2020-08-07,2.468,2.561,3.252,3.485,404.338
2020-08-10,2.456,2.566,3.27,3.433,402.937
2020-08-11,2.458,2.563,3.242,3.438,400.392
2020-08-12,2.433,2.567,3.237,3.44,402.76
2020-08-13,2.416,2.566,3.219,3.416,399.748
2020-08-14,2.462,2.572,3.234,3.405,399.073
2020-08-17,2.465,2.55,3.226,3.395,401.613
2020-08-18,2.479,2.58,3.239,3.38,398.982
2020-08-19,2.479,2.559,3.224,3.402,401.194
2020-08-20,2.497,2.562,3.252,3.414,396.862
2020-08-21,2.483,2.547,3.277,3.437,394.548
2020-08-24,2.493,2.579,3.273,3.445,395.168
2020-08-25,2.56,2.558,3.322,3.376,397.353
2020-08-26,2.553,2.546,3.298,3.378,399.079
2020-08-27,2.593,2.51,3.32,3.406,400.646
2020-08-28,2.572,2.5,3.339,3.416,401.206
2020-08-31,2.615,2.515,3.344,3.38,405.124
2020-09-01,2.609,2.526,3.369,3.424,402.958
2020-09-02,2.622,2.522,3.369,3.426,405.783
2020-09-03,2.625,2.536,3.344,3.458,403.609
2020-09-04,2.655,2.55,3.31,3.442,402.546
2020-09-07,2.66,2.559,3.282,3.485,403.765
2020-09-08,2.638,2.614,3.279,3.53,399.812
2020-09-09,2.596,2.613,3.299,3.558,401.582
2020-09-10,2.621,2.609,3.306,3.527,397.574
2020-09-11,2.587,2.597,3.277,3.524,396.791
2020-09-14,2.566,2.624,3.27,3.546,399.081
2020-09-15,2.552,2.589,3.276,3.533,398.717
2020-09-16,2.536,2.588,3.308,3.536,396.728
2020-09-17,2.532,2.591,3.321,3.503,394.994
2020-09-18,2.538,2.56,3.33,3.517,398.26
2020-09-21,2.523,2.561,3.351,3.508,396.45
2020-09-22,2.551,2.505,3.365,3.5,395.086
2020-09-23,2.557,2.5,3.395,3.504,391.46
2020-09-24,2.576,2.484,3.375,3.54,390.573
2020-09-25,2.57,2.497,3.358,3.519,390.573
2020-09-28,2.571,2.492,3.306,3.51,391.562
2020-09-29,2.563,2.499,3.283,3.488,389.32
2020-09-30,2.533,2.505,3.3,3.466,386.955
2020-10-01,2.508,2.554,3.318,3.497,385.844
2020-10-02,2.492,2.549,3.339,3.481,384.257
2020-10-05,2.499,2.552,3.329,3.527,384.502
2020-10-06,2.501,2.545,3.323,3.542,384.388
2020-10-07,2.494,2.551,3.329,3.569,387.017
2020-10-08,2.511,2.574,3.387,3.621,387.075
2020-10-09,2.5,2.579,3.409,3.634,387.741
2020-10-12,2.481,2.585,3.365,3.626,390.678
2020-10-13,2.488,2.604,3.375,3.58,388.781
2020-10-14,2.51,2.62,3.385,3.588,389.974
2020-10-15,2.517,2.594,3.409,3.566,391.988
2020-10-16,2.506,2.575,3.425,3.548,391.311
2020-10-19,2.504,2.578,3.434,3.523,391.245
2020-10-20,2.547,2.598,3.446,3.567,392.705
2020-10-21,2.518,2.591,3.436,3.552,393.661
2020-10-22,2.523,2.573,3.415,3.55,394.133
2020-10-23,2.478,2.551,3.414,3.532,393.137
2020-10-26,2.464,2.53,3.457,3.577,388.643
2020-10-27,2.462,2.533,3.458,3.599,388.372
2020-10-28,2.47,2.548,3.448,3.605,385.712
2020-10-29,2.472,2.585,3.42,3.634,387.091
2020-10-30,2.486,2.573,3.448,3.666,386.127
2020-11-02,2.442,2.563,3.439,3.638,389.522
2020-11-03,2.441,2.571,3.44,3.641,389.806
2020-11-04,2.462,2.605,3.417,3.62,388.322
2020-11-05,2.457,2.637,3.372,3.584,391.071
2020-11-06,2.435,2.616,3.354,3.573,392.394
2020-11-09,2.4,2.617,3.406,3.593,386.31
2020-11-10,2.372,2.641,3.378,3.62,389.273
2020-11-11,2.374,2.589,3.386,3.646,392.081
2020-11-12,2.356,2.581,3.396,3.602,390.763
2020-11-13,2.342,2.549,3.365,3.586,390.209
2020-11-16,2.357,2.516,3.358,3.635,393.118
2020-11-17,2.323,2.534,3.31,3.626,390.788
2020-11-18,2.338,2.571,3.343,3.619,388.628
2020-11-19,2.344,2.581,3.368,3.651,390.256
2020-11-20,2.337,2.561,3.384,3.626,391.025
2020-11-23,2.302,2.572,3.39,3.618,394.729
2020-11-24,2.294,2.579,3.401,3.621,395.947
2020-11-25,2.303,2.569,3.414,3.558,395.475
2020-11-26,2.268,2.571,3.392,3.527,397.746
2020-11-27,2.264,2.593,3.374,3.56,392.659
2020-11-30,2.261,2.569,3.343,3.604,391.167
2020-12-01,2.212,2.543,3.433,3.601,388.498
2020-12-02,2.192,2.538,3.45,3.589,388.995
2020-12-03,2.199,2.504,3.447,3.596,389.415
2020-12-04,2.192,2.516,3.487,3.621,388.812
2020-12-07,2.218,2.536,3.494,3.645,386.512
2020-12-08,2.242,2.525,3.504,3.639,386.811
2020-12-09,2.217,2.495,3.477,3.647,386.198
2020-12-10,2.186,2.485,3.487,3.621,384.91
2020-12-11,2.2,2.476,3.464,3.617,386.426
2020-12-14,2.202,2.471,3.445,3.618,388.313
2020-12-15,2.216,2.493,3.497,3.655,383.675
2020-12-16,2.226,2.466,3.53,3.649,379.915
2020-12-17,2.229,2.478,3.552,3.668,379.102
2020-12-18,2.213,2.473,3.546,3.672,381.587
2020-12-21,2.225,2.482,3.571,3.66,380.972
2020-12-22,2.257,2.477,3.526,3.645,384.456
2020-12-23,2.24,2.476,3.543,3.684,386.095
2020-12-24,2.27,2.453,3.536,3.664,383.992
2020-12-25,2.264,2.444,3.525,3.644,388.686
2020-12-28,2.269,2.448,3.488,3.658,386.32
2020-12-29,2.257,2.421,3.513,3.689,385.563
2020-12-30,2.239,2.391,3.536,3.702,385.468
2021-01-13,2.255,2.5,3.605,3.661,375.595
2021-01-14,2.267,2.501,3.621,3.63,376.774
2021-01-15,2.277,2.511,3.647,3.634,377.344
2021-01-18,2.278,2.499,3.648,3.651,376.294
2021-01-19,2.265,2.464,3.64,3.623,378.697
2021-01-20,2.266,2.45,3.686,3.658,378.888
2021-01-21,2.282,2.456,3.659,3.659,378.323
2021-01-22,2.282,2.449,3.628,3.648,378.255
2021-01-25,2.312,2.468,3.605,3.693,378.098
2021-01-26,2.296,2.492,3.59,3.694,378.837
2021-01-27,2.243,2.487,3.571,3.686,374.752
2021-01-28,2.258,2.489,3.525,3.725,374.266
2021-01-29,2.283,2.467,3.495,3.753,371.53
2021-02-01,2.282,2.465,3.534,3.731,372.431
2021-02-02,2.306,2.456,3.506,3.702,374.778
2021-02-03,2.278,2.489,3.486,3.71,377.167
2021-02-04,2.285,2.508,3.471,3.711,378.162
2021-02-05,2.278,2.525,3.529,3.647,378.847
2021-02-08,2.268,2.597,3.556,3.655,377.841
2021-02-09,2.297,2.606,3.607,3.625,376.652
2021-02-10,2.303,2.58,3.594,3.616,378.468
2021-02-11,2.26,2.595,3.568,3.633,379.048
2021-02-12,2.27,2.609,3.536,3.655,380.421
2021-02-15,2.306,2.633,3.483,3.687,382.368
2021-02-16,2.272,2.639,3.468,3.732,383.133
2021-02-17,2.239,2.617,3.475,3.682,383.14
2021-02-18,2.225,2.639,3.447,3.67,386.42
2021-02-19,2.197,2.646,3.46,3.7,381.844
2021-02-22,2.193,2.658,3.495,3.725,385.893
2021-02-23,2.192,2.668,3.504,3.748,387.078
2021-02-24,2.221,2.657,3.473,3.803,384.988
2021-02-25,2.262,2.627,3.444,3.827,383.824
2021-02-26,2.234,2.612,3.479,3.806,380.116
2021-03-01,2.256,2.591,3.451,3.822,378.283
2021-03-02,2.266,2.576,3.45,3.818,378.034
2021-03-03,2.266,2.575,3.44,3.849,374.578
2021-03-04,2.284,2.59,3.474,3.854,376.596
2021-03-05,2.268,2.595,3.509,3.881,378.197
2021-03-08,2.27,2.593,3.5,3.875,373.43
2021-03-09,2.258,2.571,3.509,3.863,371.015
2021-03-10,2.254,2.577,3.481,3.845,369.248
2021-03-11,2.285,2.564,3.477,3.898,369.676
2021-03-12,2.294,2.585,3.46,3.928,367.48
2021-03-15,2.287,2.578,3.484,3.937,364.292
2021-03-16,2.269,2.609,3.475,3.945,368.821
2021-03-17,2.284,2.638,3.448,3.944,368.647
2021-03-18,2.282,2.632,3.475,3.982,364.152
2021-03-19,2.259,2.613,3.484,3.981,361.88
2021-03-22,2.274,2.589,3.448,3.963,359.491
2021-03-23,2.253,2.568,3.477,3.961,358.496
2021-03-24,2.26,2.583,3.472,3.923,361.844
2021-03-25,2.27,2.583,3.499,3.905,361.013
2021-03-26,2.271,2.61,3.55,3.934,361.158
2021-03-29,2.294,2.601,3.553,3.942,364.709
2021-03-30,2.283,2.592,3.561,3.908,367.079
2021-03-31,2.272,2.553,3.598,3.905,364.762
2021-04-01,2.282,2.553,3.615,3.872,362.539
2021-04-02,2.291,2.542,3.582,3.897,362.928
2021-04-05,2.311,2.536,3.542,3.935,364.506
2021-04-06,2.312,2.526,3.535,3.943,361.237
2021-04-07,2.32,2.536,3.537,3.942,364.287
2021-04-08,2.349,2.528,3.528,3.997,363.453
2021-04-09,2.332,2.54,3.526,4.0,361.443
2021-04-12,2.323,2.528,3.539,3.993,362.178
2021-04-13,2.34,2.563,3.509,4.005,364.752
2021-04-14,2.328,2.553,3.543,4.014,367.3
2021-04-15,2.308,2.59,3.565,4.043,367.964
2021-04-16,2.294,2.609,3.571,4.022,366.808
2021-04-19,2.295,2.61,3.625,3.999,367.676
2021-04-20,2.315,2.621,3.659,3.981,368.432
2021-04-21,2.323,2.626,3.647,4.009,368.176
2021-04-22,2.34,2.616,3.622,4.058,368.151
2021-04-23,2.362,2.64,3.644,4.099,367.835
2021-04-26,2.376,2.671,3.677,4.075,365.153
2021-04-27,2.384,2.662,3.648,4.098,367.044
2021-04-28,2.377,2.664,3.637,4.138,369.462
2021-04-29,2.383,2.667,3.614,4.152,373.138
2021-04-30,2.411,2.69,3.535,4.122,376.17
2021-05-03,2.441,2.705,3.551,4.094,379.512
2021-05-04,2.454,2.706,3.579,4.075,377.383
2021-05-05,2.447,2.725,3.573,4.051,378.203
2021-05-06,2.444,2.773,3.595,4.01,383.993
2021-05-07,2.444,2.819,3.614,4.079,378.154
2021-05-10,2.47,2.805,3.615,4.09,373.594
2021-05-11,2.512,2.786,3.649,4.113,373.392
2021-05-12,2.54,2.802,3.653,4.087,376.575
2021-05-13,2.5,2.783,3.668,4.043,378.305
2021-05-14,2.506,2.772,3.664,4.04,379.98
2021-05-17,2.509,2.783,3.643,4.057,378.457
2021-05-18,2.503,2.776,3.612,4.078,378.567
2021-05-19,2.532,2.796,3.628,4.084,380.05
2021-05-20,2.523,2.794,3.661,4.116,382.387
2021-05-21,2.504,2.795,3.687,4.113,383.517
2021-05-24,2.495,2.749,3.721,4.176,388.192
2021-05-25,2.533,2.755,3.706,4.164,390.585
2021-05-26,2.561,2.768,3.719,4.157,391.976
2021-05-27,2.576,2.776,3.766,4.11,395.238
2021-05-28,2.589,2.752,3.753,4.16,394.259
2021-05-31,2.584,2.772,3.735,4.128,390.313
2021-06-01,2.557,2.785,3.719,4.128,392.602
2021-06-02,2.559,2.798,3.739,4.085,393.843
2021-06-03,2.566,2.786,3.695,4.052,389.295
2021-06-04,2.54,2.775,3.699,4.054,390.627
2021-06-07,2.527,2.795,3.733,4.064,391.747
2021-06-08,2.557,2.812,3.74,4.061,391.951
2021-06-09,2.573,2.79,3.737,4.064,391.706
2021-06-10,2.556,2.792,3.732,4.11,392.044
2021-06-11,2.559,2.773,3.766,4.131,388.803
2021-06-14,2.543,2.784,3.763,4.192,390.107
2021-06-15,2.551,2.797,3.774,4.139,388.549
2021-06-16,2.52,2.759,3.809,4.182,389.472
2021-06-17,2.509,2.732,3.792,4.137,390.28
2021-06-18,2.49,2.69,3.795,4.167,390.717
2021-06-21,2.495,2.729,3.761,4.199,390.651
2021-06-22,2.519,2.734,3.742,4.219,387.931
2021-06-23,2.563,2.761,3.734,4.231,387.215
2021-06-24,2.554,2.784,3.773,4.242,391.378
2021-06-25,2.524,2.784,3.754,4.265,390.708
2021-06-28,2.518,2.769,3.737,4.259,392.517
2021-06-29,2.55,2.77,3.773,4.227,399.286
2021-06-30,2.534,2.727,3.772,4.256,403.181
2021-07-01,2.556,2.736,3.807,4.228,406.286
2021-07-02,2.542,2.753,3.871,4.264,409.776
2021-07-05,2.522,2.76,3.868,4.262,406.295
2021-07-06,2.507,2.754,3.844,4.25,404.83
2021-07-07,2.51,2.73,3.89,4.2,406.51
2021-07-08,2.514,2.723,3.911,4.188,410.154
2021-07-09,2.521,2.744,3.911,4.195,412.711
2021-07-12,2.522,2.779,3.975,4.144,411.819
2021-07-13,2.534,2.763,3.977,4.124,409.028
2021-07-14,2.528,2.789,3.969,4.158,406.718
2021-07-15,2.545,2.777,3.961,4.119,406.476
2021-07-16,2.564,2.767,3.957,4.085,405.392
2021-07-19,2.569,2.812,3.939,4.086,408.915
2021-07-20,2.557,2.837,3.917,4.118,409.027
2021-07-21,2.54,2.868,3.978,4.141,406.755
2021-07-22,2.549,2.825,3.996,4.123,403.446
2021-07-23,2.552,2.862,3.971,4.178,401.274
2021-07-26,2.501,2.824,3.971,4.134,399.15
2021-07-27,2.478,2.863,3.931,4.157,396.617
2021-07-28,2.469,2.884,3.93,4.158,397.489
2021-07-29,2.453,2.855,3.952,4.184,400.827
2021-07-30,2.463,2.869,3.934,4.157,406.087
2021-08-02,2.452,2.927,3.929,4.154,409.557
2021-08-03,2.437,2.943,3.939,4.192,409.548
2021-08-04,2.478,2.96,3.929,4.138,409.684
2021-08-05,2.462,2.946,3.904,4.133,411.477
2021-08-06,2.463,2.954,3.926,4.17,409.036
2021-08-09,2.451,2.914,3.918,4.215,410.269
2021-08-10,2.446,2.923,3.935,4.246,410.887
2021-08-11,2.435,2.913,3.963,4.301,413.553
2021-08-12,2.438,2.889,3.997,4.367,410.126
2021-08-13,2.443,2.902,3.932,4.349,411.185
2021-08-16,2.466,2.882,3.902,4.309,412.184
2021-08-17,2.455,2.909,3.902,4.301,418.701
2021-08-18,2.479,2.915,3.892,4.281,416.447
2021-08-19,2.436,2.94,3.859,4.268,413.715
2021-08-20,2.459,2.959,3.863,4.268,413.07
2021-08-23,2.435,2.916,3.821,4.315,415.518
2021-08-24,2.427,2.888,3.865,4.294,417.612
2021-08-25,2.454,2.887,3.825,4.283,415.382
2021-08-26,2.491,2.893,3.87,4.306,412.382
2021-08-27,2.504,2.935,3.832,4.281,410.892
2021-08-30,2.526,2.934,3.782,4.232,412.349
2021-08-31,2.522,2.94,3.755,4.253,414.425
2021-09-01,2.575,2.949,3.773,4.229,413.155
2021-09-02,2.537,2.938,3.763,4.279,413.192
2021-09-03,2.567,2.908,3.744,4.227,411.589
2021-09-06,2.549,2.93,3.754,4.221,410.476
2021-09-07,2.559,2.944,3.789,4.251,411.753
2021-09-08,2.585,2.93,3.802,4.284,416.737
2021-09-09,2.573,2.949,3.826,4.329,417.226
2021-09-10,2.602,2.919,3.867,4.393,417.753
2021-09-13,2.619,2.958,3.836,4.436,416.535
2021-09-14,2.626,2.962,3.843,4.456,416.488
2021-09-15,2.651,3.032,3.825,4.441,417.823
2021-09-16,2.687,3.004,3.881,4.451,417.477
2021-09-17,2.706,3.015,3.892,4.458,417.268
2021-09-20,2.694,3.025,3.957,4.504,418.458
2021-09-21,2.711,3.025,3.956,4.513,418.729
2021-09-22,2.715,3.072,3.986,4.528,414.85
2021-09-23,2.685,3.093,3.937,4.55,417.338
2021-09-24,2.69,3.092,3.929,4.534,417.656
2021-09-27,2.696,3.075,3.885,4.528,415.746
2021-09-28,2.675,3.103,3.878,4.551,415.161
2021-09-29,2.669,3.157,3.825,4.53,412.904
2021-09-30,2.634,3.171,3.857,4.518,412.842
2021-10-01,2.632,3.158,3.906,4.535,414.307
2021-10-04,2.616,3.184,3.957,4.522,414.83
2021-10-05,2.586,3.161,4.004,4.535,412.952
2021-10-06,2.604,3.228,3.99,4.543,415.83
2021-10-07,2.594,3.219,3.958,4.494,416.055
2021-10-08,2.553,3.206,3.998,4.505,416.48
2021-10-11,2.56,3.213,3.991,4.576,418.488
2021-10-12,2.516,3.166,3.966,4.569,419.47
2021-10-13,2.484,3.195,4.008,4.517,417.488
2021-10-14,2.484,3.232,4.008,4.507,418.415
2021-10-15,2.474,3.207,4.085,4.554,418.969
2021-10-18,2.479,3.228,4.032,4.608,419.919
2021-10-19,2.475,3.22,4.055,4.606,423.74
2021-10-20,2.467,3.202,4.049,4.583,422.949
2021-10-21,2.477,3.208,4.074,4.556,421.48
2021-10-22,2.465,3.181,4.11,4.566,419.097
2021-10-25,2.444,3.157,4.043,4.571,417.015
2021-10-26,2.434,3.211,4.045,4.596,419.788
2021-10-27,2.445,3.178,4.019,4.591,422.327
2021-10-28,2.468,3.206,3.999,4.583,420.935
2021-10-29,2.455,3.24,3.977,4.64,420.999
2021-11-01,2.428,3.242,3.98,4.689,424.279
2021-11-02,2.43,3.224,3.882,4.69,425.178
2021-11-03,2.462,3.198,3.936,4.686,426.783
2021-11-04,2.477,3.213,3.958,4.624,429.035
2021-11-05,2.505,3.234,3.933,4.601,428.627
2021-11-08,2.509,3.27,3.986,4.649,427.082
2021-11-09,2.532,3.221,3.953,4.623,429.758
2021-11-10,2.552,3.256,3.962,4.635,431.7
2021-11-11,2.566,3.262,3.979,4.696,437.043
2021-11-12,2.586,3.234,3.958,4.753,435.452
2021-11-15,2.576,3.26,3.952,4.657,435.284
2021-11-16,2.597,3.255,3.937,4.662,433.69
2021-11-17,2.567,3.283,3.903,4.665,433.607
2021-11-18,2.547,3.239,3.931,4.64,431.764
2021-11-19,2.537,3.265,3.933,4.648,430.723
2021-11-22,2.542,3.276,3.937,4.654,431.212
2021-11-23,2.552,3.266,3.92,4.645,433.0
2021-11-24,2.563,3.235,3.951,4.612,434.0
2021-11-25,2.547,3.278,3.914,4.627,436.662
2021-11-26,2.545,3.246,3.896,4.577,434.875
2021-11-29,2.548,3.236,3.914,4.563,432.702
2021-11-30,2.522,3.277,3.955,4.524,432.585
2021-12-01,2.558,3.282,3.939,4.535,432.663
2021-12-02,2.554,3.275,3.997,4.575,430.595
2021-12-03,2.561,3.313,4.038,4.627,430.532
2021-12-06,2.541,3.31,4.07,4.635,433.21
2021-12-07,2.545,3.303,4.079,4.675,436.216
2021-12-08,2.523,3.332,4.057,4.718,435.467
2021-12-09,2.543,3.336,4.027,4.751,436.762
2021-12-10,2.536,3.313,3.995,4.82,439.356
2021-12-13,2.491,3.298,4.019,4.804,436.644
2021-12-14,2.471,3.253,3.98,4.791,437.781
2021-12-15,2.479,3.3,3.93,4.729,436.817
2021-12-16,2.497,3.254,3.987,4.739,435.228
2021-12-17,2.491,3.285,3.996,4.797,434.311
2021-12-20,2.476,3.29,3.969,4.833,434.381
2021-12-21,2.481,3.348,4.039,4.926,434.924
2021-12-22,2.477,3.352,4.01,4.982,434.935
2021-12-23,2.448,3.373,4.073,4.913,434.804
2021-12-24,2.447,3.418,4.04,4.924,436.504
2021-12-27,2.406,3.443,3.985,4.853,437.247
2021-12-28,2.393,3.412,4.016,4.837,438.288
2021-12-29,2.355,3.387,4.04,4.833,438.915
2021-12-30,2.352,3.378,3.983,4.824,440.51
2021-12-31,2.33,3.376,3.997,4.805,442.461
2022-01-03,2.325,3.403,3.997,4.877,440.77
2022-01-04,2.336,3.395,4.036,4.842,441.794
2022-01-05,2.306,3.439,4.075,4.871,445.288
2022-01-06,2.297,3.436,4.094,4.819,446.202
2022-01-07,2.261,3.462,4.181,4.81,444.931
2022-01-10,2.269,3.455,4.19,4.813,440.669
2022-01-11,2.262,3.475,4.165,4.804,445.421
2022-01-12,2.24,3.455,4.169,4.759,447.45
2022-01-13,2.257,3.466,4.174,4.744,447.863
2022-01-14,2.255,3.492,4.192,4.756,446.406
2022-01-17,2.259,3.495,4.212,4.727,446.719
2022-01-18,2.26,3.469,4.242,4.686,450.206
2022-01-19,2.255,3.532,4.208,4.746,452.585
2022-01-20,2.273,3.527,4.152,4.818,449.149
2022-01-21,2.273,3.482,4.12,4.803,447.212
2022-01-24,2.258,3.519,4.093,4.75,444.703
2022-01-25,2.268,3.565,4.13,4.812,447.077
2022-01-26,2.275,3.563,4.203,4.786,445.226
2022-01-27,2.273,3.528,4.242,4.772,440.728
2022-01-28,2.277,3.518,4.236,4.765,436.353
2022-01-31,2.254,3.523,4.247,4.789,440.913
2022-02-01,2.276,3.533,4.285,4.726,442.899
2022-02-02,2.293,3.504,4.263,4.776,446.133
2022-02-03,2.297,3.513,4.207,4.776,442.828
2022-02-04,2.311,3.51,4.166,4.793,441.77
2022-02-07,2.356,3.513,4.184,4.757,439.912
2022-02-08,2.331,3.474,4.209,4.724,438.183
2022-02-09,2.33,3.475,4.264,4.66,435.094
2022-02-10,2.331,3.48,4.279,4.714,436.192
2022-02-11,2.323,3.42,4.205,4.73,436.984
2022-02-14,2.285,3.397,4.2,4.78,435.637
2022-02-15,2.3,3.417,4.198,4.745,435.538
2022-02-16,2.278,3.369,4.2,4.784,436.446
2022-02-17,2.264,3.376,4.163,4.802,437.299
2022-02-18,2.251,3.39,4.172,4.774,433.824
2022-02-21,2.277,3.402,4.19,4.753,436.526
2022-02-22,2.263,3.403,4.195,4.723,436.533
2022-02-23,2.272,3.382,4.218,4.702,439.186
2022-02-24,2.248,3.42,4.237,4.76,438.472
2022-02-25,2.248,3.384,4.207,4.784,439.02
2022-02-28,2.229,3.411,4.231,4.709,442.72
2022-03-01,2.202,3.431,4.198,4.713,439.35
2022-03-02,2.202,3.464,4.271,4.759,438.18
2022-03-03,2.204,3.428,4.256,4.73,433.966
2022-03-04,2.233,3.409,4.226,4.787,433.575
2022-03-07,2.234,3.434,4.216,4.812,432.753
2022-03-08,2.219,3.434,4.237,4.742,432.789
2022-03-09,2.199,3.419,4.21,4.72,430.557
2022-03-10,2.234,3.406,4.279,4.744,437.914
2022-03-11,2.221,3.409,4.307,4.751,434.945
2022-03-14,2.225,3.392,4.36,4.755,432.1
2022-03-15,2.238,3.39,4.372,4.761,433.529
2022-03-16,2.231,3.359,4.333,4.77,433.624
2022-03-17,2.218,3.346,4.3,4.837,433.663
2022-03-18,2.186,3.338,4.295,4.785,436.706
2022-03-21,2.187,3.291,4.276,4.729,439.371
2022-03-22,2.224,3.275,4.198,4.702,437.565
2022-03-23,2.214,3.311,4.232,4.667,436.438
2022-03-24,2.232,3.326,4.213,4.618,439.75
2022-03-25,2.218,3.314,4.183,4.591,440.465
2022-03-28,2.233,3.312,4.151,4.542,437.514
2022-03-29,2.229,3.317,4.179,4.571,438.215
2022-03-30,2.259,3.315,4.15,4.588,436.684
2022-03-31,2.277,3.316,4.168,4.549,435.387
2022-04-01,2.271,3.328,4.15,4.548,437.063
2022-04-04,2.322,3.344,4.148,4.551,437.63
2022-04-05,2.309,3.375,4.156,4.518,436.45
2022-04-06,2.273,3.37,4.144,4.55,436.155
2022-04-07,2.272,3.36,4.154,4.524,436.665
2022-04-08,2.254,3.374,4.193,4.489,435.658
2022-04-11,2.258,3.336,4.204,4.478,436.837
2022-04-12,2.247,3.357,4.238,4.449,434.269
2022-04-13,2.243,3.369,4.285,4.441,436.549
2022-04-14,2.242,3.4,4.338,4.436,438.726
2022-04-15,2.238,3.365,4.337,4.434,432.311
2022-04-18,2.223,3.312,4.356,4.397,432.304
2022-04-19,2.224,3.305,4.387,4.417,435.146
2022-04-20,2.233,3.314,4.435,4.456,430.296
2022-04-21,2.225,3.298,4.4,4.418,430.476
2022-04-22,2.217,3.298,4.46,4.451,431.212
2022-04-25,2.222,3.357,4.52,4.512,429.563
2022-04-26,2.198,3.35,4.573,4.5,431.491
2022-04-27,2.186,3.337,4.635,4.517,432.849
2022-04-28,2.199,3.308,4.677,4.491,428.417
2022-04-29,2.195,3.316,4.687,4.427,430.181
2022-05-02,2.192,3.29,4.697,4.418,432.022
2022-05-03,2.24,3.303,4.708,4.421,437.251
2022-05-04,2.242,3.248,4.733,4.446,439.098
2022-05-05,2.238,3.25,4.609,4.446,443.873
2022-05-06,2.224,3.204,4.62,4.38,448.991
2022-05-09,2.225,3.231,4.601,4.411,454.371
2022-05-10,2.171,3.249,4.552,4.434,460.047
2022-05-11,2.137,3.275,4.532,4.446,459.458
2022-05-12,2.151,3.277,4.51,4.456,460.661
2022-05-13,2.152,3.251,4.53,4.445,465.882
2022-05-16,2.172,3.273,4.532,4.426,461.509
2022-05-17,2.163,3.266,4.482,4.453,462.849
2022-05-18,2.181,3.3,4.534,4.43,461.709
2022-05-19,2.185,3.306,4.554,4.446,462.744
2022-05-20,2.23,3.323,4.625,4.467,457.923
2022-05-23,2.195,3.325,4.572,4.408,457.221
2022-05-24,2.207,3.368,4.565,4.449,454.316
2022-05-25,2.215,3.388,4.505,4.417,455.101
2022-05-26,2.194,3.478,4.508,4.356,461.868
2022-05-27,2.21,3.492,4.596,4.338,461.475
2022-05-30,2.232,3.518,4.626,4.352,458.931
2022-05-31,2.244,3.504,4.574,4.38,460.529
2022-06-01,2.264,3.504,4.594,4.365,466.409
2022-06-02,2.258,3.507,4.564,4.356,468.054
2022-06-03,2.289,3.459,4.583,4.325,468.368
2022-06-06,2.276,3.449,4.586,4.361,466.684
2022-06-07,2.276,3.448,4.589,4.309,472.759
2022-06-08,2.265,3.45,4.571,4.321,473.275
2022-06-09,2.256,3.454,4.532,4.329,473.78
2022-06-10,2.25,3.46,4.484,4.31,475.139
2022-06-13,2.233,3.466,4.526,4.303,475.12
2022-06-14,2.227,3.469,4.498,4.298,474.612
2022-06-15,2.23,3.489,4.551,4.314,475.688
2022-06-16,2.221,3.462,4.575,4.3,474.044
2022-06-17,2.237,3.498,4.583,4.331,477.433
2022-06-20,2.223,3.478,4.565,4.341,479.303
2022-06-21,2.209,3.435,4.471,4.388,481.609
2022-06-22,2.215,3.41,4.488,4.406,481.03
2022-06-23,2.223,3.383,4.474,4.402,483.67
2022-06-24,2.193,3.354,4.486,4.445,484.553
2022-06-27,2.175,3.327,4.392,4.483,483.459
2022-06-28,2.184,3.314,4.402,4.481,486.538
2022-06-29,2.164,3.298,4.395,4.533,487.245
2022-06-30,2.153,3.299,4.351,4.585,489.79
2022-07-01,2.114,3.334,4.388,4.611,489.557
2022-07-04,2.131,3.38,4.348,4.611,489.177
2022-07-05,2.106,3.364,4.315,4.646,494.199
2022-07-06,2.112,3.372,4.387,4.693,495.709
2022-07-07,2.139,3.372,4.351,4.695,496.465
2022-07-08,2.139,3.38,4.338,4.662,497.853
2022-07-11,2.162,3.389,4.327,4.665,492.391
2022-07-12,2.159,3.396,4.314,4.604,493.521
2022-07-13,2.14,3.419,4.293,4.577,490.729
2022-07-14,2.122,3.411,4.306,4.533,496.009
2022-07-15,2.117,3.415,4.285,4.523,493.638
2022-07-18,2.145,3.434,4.307,4.481,496.478
2022-07-19,2.176,3.418,4.367,4.506,496.242
2022-07-20,2.181,3.415,4.376,4.514,494.217
2022-07-21,2.198,3.4,4.334,4.492,494.315
2022-07-22,2.212,3.406,4.329,4.503,492.027
2022-07-25,2.182,3.376,4.377,4.491,489.565
2022-07-26,2.198,3.392,4.351,4.439,492.706
2022-07-27,2.183,3.382,4.276,4.482,490.654
2022-07-28,2.17,3.395,4.195,4.467,488.333
2022-07-29,2.174,3.383,4.219,4.505,492.532
2022-08-01,2.233,3.408,4.271,4.513,492.143
2022-08-02,2.23,3.405,4.285,4.543,495.559
2022-08-03,2.246,3.388,4.286,4.557,495.621
2022-08-04,2.223,3.361,4.304,4.53,491.237
2022-08-05,2.237,3.358,4.221,4.459,492.251
2022-08-08,2.239,3.405,4.222,4.491,490.153
2022-08-09,2.241,3.389,4.271,4.486,493.447
2022-08-10,2.221,3.362,4.247,4.464,490.77
2022-08-11,2.215,3.371,4.323,4.443,491.108
2022-08-12,2.192,3.356,4.339,4.384,489.085
2022-08-15,2.18,3.332,4.33,4.372,486.682
2022-08-16,2.17,3.316,4.291,4.327,483.708
2022-08-17,2.145,3.295,4.261,4.328,480.11
2022-08-18,2.15,3.291,4.215,4.351,478.489
2022-08-19,2.168,3.324,4.241,4.407,478.407
2022-08-22,2.197,3.33,4.254,4.482,476.102
2022-08-23,2.241,3.295,4.286,4.523,470.749
2022-08-24,2.244,3.338,4.265,4.557,472.291
2022-08-25,2.229,3.328,4.291,4.551,471.793
2022-08-26,2.229,3.267,4.247,4.519,469.51
2022-08-29,2.221,3.259,4.237,4.544,466.91
2022-08-30,2.237,3.317,4.244,4.571,461.161
2022-08-31,2.247,3.313,4.235,4.636,463.333
2022-09-01,2.236,3.325,4.21,4.609,460.037
2022-09-02,2.237,3.327,4.269,4.576,461.782
2022-09-05,2.23,3.289,4.308,4.594,462.539
2022-09-06,2.187,3.358,4.331,4.57,462.496
2022-09-07,2.187,3.403,4.295,4.604,465.944
2022-09-08,2.185,3.44,4.33,4.555,465.372
2022-09-09,2.199,3.416,4.313,4.522,459.745
2022-09-12,2.197,3.426,4.316,4.593,460.301
2022-09-13,2.186,3.468,4.327,4.603,462.445
2022-09-14,2.203,3.462,4.336,4.577,462.39
2022-09-15,2.23,3.449,4.326,4.611,458.112
2022-09-16,2.202,3.436,4.28,4.64,456.498
2022-09-19,2.211,3.405,4.329,4.604,458.269
2022-09-20,2.222,3.392,4.289,4.578,454.982
2022-09-21,2.212,3.376,4.274,4.564,450.772
2022-09-22,2.188,3.385,4.233,4.619,454.729
2022-09-23,2.174,3.363,4.262,4.662,453.212
2022-09-26,2.151,3.35,4.323,4.633,456.071
2022-09-27,2.168,3.358,4.399,4.626,453.359
2022-09-28,2.168,3.376,4.414,4.655,453.895
2022-09-29,2.157,3.417,4.499,4.715,453.563
2022-09-30,2.144,3.414,4.515,4.654,445.637
2022-10-03,2.12,3.434,4.408,4.602,445.29
2022-10-04,2.108,3.443,4.412,4.584,446.137
2022-10-05,2.11,3.444,4.43,4.52,446.73
2022-10-06,2.107,3.465,4.423,4.513,445.63
2022-10-07,2.101,3.446,4.382,4.523,447.881
2022-10-10,2.091,3.435,4.313,4.518,451.146
2022-10-11,2.094,3.448,4.313,4.526,453.929
2022-10-12,2.095,3.477,4.273,4.543,455.524
2022-10-13,2.109,3.49,4.241,4.576,452.129
2022-10-14,2.126,3.5,4.256,4.608,453.799
2022-10-17,2.11,3.508,4.289,4.581,452.741
2022-10-18,2.111,3.539,4.249,4.645,451.306
2022-10-19,2.111,3.568,4.264,4.673,453.68
2022-10-20,2.096,3.566,4.277,4.688,455.995
2022-10-21,2.104,3.584,4.263,4.739,457.198
2022-10-24,2.111,3.601,4.248,4.812,457.689
2022-10-25,2.134,3.597,4.217,4.802,457.493
2022-10-26,2.1,3.574,4.266,4.76,460.18
2022-10-27,2.097,3.562,4.31,4.742,459.151
2022-10-28,2.125,3.541,4.323,4.672,460.784
2022-10-31,2.124,3.504,4.388,4.716,462.326
2022-11-01,2.11,3.533,4.41,4.676,464.496
2022-11-02,2.129,3.544,4.467,4.621,461.311
2022-11-03,2.135,3.547,4.507,4.661,462.111
2022-11-04,2.159,3.576,4.485,4.698,459.845
2022-11-07,2.163,3.602,4.564,4.669,459.137
2022-11-08,2.176,3.62,4.588,4.675,460.482
2022-11-09,2.187,3.638,4.596,4.681,460.73
2022-11-10,2.161,3.684,4.567,4.719,464.776
2022-11-11,2.181,3.659,4.557,4.708,464.76
2022-11-14,2.168,3.663,4.583,4.724,466.281
2022-11-15,2.161,3.669,4.592,4.715,469.258
2022-11-16,2.159,3.65,4.583,4.671,461.606
2022-11-17,2.17,3.643,4.575,4.62,458.662
2022-11-18,2.18,3.598,4.54,4.677,459.887
2022-11-21,2.157,3.586,4.544,4.695,462.874
2022-11-22,2.155,3.591,4.57,4.663,461.715
2022-11-23,2.147,3.574,4.585,4.692,469.153
2022-11-24,2.134,3.574,4.682,4.749,469.148
2022-11-25,2.114,3.56,4.694,4.779,469.583
2022-11-28,2.105,3.596,4.693,4.755,467.143
2022-11-29,2.102,3.619,4.633,4.746,469.366
2022-11-30,2.123,3.586,4.577,4.777,470.509
2022-12-01,2.116,3.605,4.595,4.84,468.863
2022-12-02,2.108,3.604,4.64,4.809,472.925
2022-12-05,2.083,3.625,4.669,4.781,470.663
2022-12-06,2.082,3.632,4.655,4.728,475.651
2022-12-07,2.112,3.62,4.711,4.749,478.237
2022-12-08,2.094,3.609,4.706,4.709,478.533
2022-12-09,2.087,3.614,4.701,4.729,478.829
2022-12-12,2.055,3.606,4.768,4.677,477.223
2022-12-13,2.041,3.619,4.74,4.67,474.837
2022-12-14,2.024,3.606,4.73,4.737,476.242
2022-12-15,2.028,3.569,4.682,4.817,475.275
2022-12-16,2.035,3.601,4.66,4.822,469.34
2022-12-19,2.028,3.624,4.67,4.82,473.298
2022-12-20,2.017,3.668,4.762,4.789,472.237
2022-12-21,2.012,3.637,4.761,4.771,471.467
2022-12-22,2.015,3.637,4.753,4.794,472.453
2022-12-23,2.016,3.614,4.685,4.819,472.021
2022-12-26,1.997,3.545,4.698,4.843,475.988
2022-12-27,1.999,3.585,4.721,4.834,477.37
2022-12-28,1.983,3.583,4.765,4.881,477.858
2022-12-29,2.0,3.563,4.778,4.868,479.825
2022-12-30,1.998,3.581,4.776,4.817,480.097
2023-01-02,2.001,3.582,4.732,4.812,473.904
2023-01-03,2.011,3.606,4.729,4.826,470.597
2023-01-04,1.979,3.591,4.623,4.884,473.651
2023-01-05,2.021,3.583,4.696,4.911,476.092
2023-01-06,2.02,3.591,4.725,4.952,475.423
2023-01-09,2.006,3.61,4.698,4.919,478.132
2023-01-10,1.991,3.656,4.631,4.931,480.484
2023-01-11,2.012,3.631,4.629,4.901,480.842
2023-01-12,2.036,3.646,4.601,4.912,476.867
2023-01-13,2.063,3.651,4.633,4.95,473.019
2023-01-16,2.065,3.604,4.636,4.93,473.73
2023-01-17,2.057,3.556,4.644,4.981,475.089
2023-01-18,2.082,3.549,4.681,4.934,480.612
2023-01-19,2.09,3.569,4.67,4.887,479.531
2023-01-20,2.079,3.561,4.599,4.895,477.319
2023-01-23,2.063,3.563,4.575,4.905,481.329
2023-01-24,2.075,3.601,4.62,4.907,483.537
2023-01-25,2.091,3.6,4.589,4.875,482.839
2023-01-26,2.064,3.615,4.57,4.892,487.263
2023-01-27,2.064,3.603,4.533,4.889,486.905
2023-01-30,2.08,3.625,4.54,4.937,490.391
2023-01-31,2.059,3.591,4.568,4.932,491.013
2023-02-01,2.073,3.553,4.554,4.985,487.766
2023-02-02,2.078,3.564,4.539,5.042,481.955
2023-02-03,2.07,3.616,4.524,5.043,483.444
2023-02-06,2.087,3.59,4.521,5.021,478.749
2023-02-07,2.095,3.502,4.529,5.083,486.208
2023-02-08,2.066,3.521,4.592,5.084,484.47
2023-02-09,2.064,3.569,4.548,5.038,482.065
2023-02-10,2.079,3.601,4.494,4.995,482.238
2023-02-13,2.068,3.567,4.466,5.051,482.14
2023-02-14,2.077,3.57,4.438,5.031,479.623
2023-02-15,2.082,3.576,4.436,5.071,479.384
2023-02-16,2.077,3.598,4.395,5.07,482.078
2023-02-17,2.087,3.644,4.395,5.148,477.698
2023-02-20,2.086,3.663,4.429,5.127,476.624
2023-02-21,2.05,3.681,4.412,5.104,473.709
2023-02-22,2.033,3.701,4.447,5.145,473.461
2023-02-23,2.022,3.699,4.481,5.136,474.64
2023-02-24,2.053,3.647,4.497,5.164,473.81
2023-02-27,2.042,3.635,4.564,5.149,476.377
2023-02-28,2.055,3.647,4.537,5.181,474.447
2023-03-01,2.08,3.666,4.518,5.169,475.7
2023-03-02,2.075,3.63,4.527,5.213,476.292
2023-03-03,2.076,3.602,4.569,5.175,475.715
2023-03-06,2.063,3.596,4.614,5.265,474.071
2023-03-07,2.063,3.612,4.589,5.226,473.225
2023-03-08,2.059,3.63,4.597,5.245,478.607
2023-03-09,2.044,3.621,4.621,5.199,480.378
2023-03-10,2.058,3.628,4.585,5.182,484.321
2023-03-13,2.057,3.626,4.653,5.202,483.547
2023-03-14,2.073,3.639,4.637,5.179,486.966
2023-03-15,2.062,3.595,4.657,5.206,485.0
2023-03-16,2.056,3.594,4.69,5.218,483.128
2023-03-17,2.048,3.592,4.665,5.276,481.727
2023-03-20,2.044,3.587,4.638,5.325,480.052
2023-03-21,2.035,3.607,4.563,5.277,478.357
2023-03-22,2.041,3.66,4.548,5.306,480.199
2023-03-23,2.069,3.677,4.565,5.314,478.373
2023-03-24,2.052,3.648,4.553,5.255,481.65
2023-03-27,2.085,3.646,4.526,5.262,486.539
2023-03-28,2.099,3.672,4.558,5.269,493.461
2023-03-29,2.077,3.719,4.588,5.362,494.747
2023-03-30,2.076,3.708,4.6,5.397,494.636
2023-03-31,2.102,3.721,4.59,5.422,497.034
2023-04-03,2.097,3.721,4.6,5.441,493.394
2023-04-04,2.104,3.703,4.603,5.486,495.837
2023-04-05,2.114,3.675,4.571,5.479,491.862
2023-04-06,2.105,3.655,4.654,5.488,492.489
2023-04-07,2.11,3.683,4.619,5.452,488.148
2023-04-10,2.108,3.683,4.614,5.464,490.706
2023-04-11,2.097,3.663,4.614,5.406,488.145
2023-04-12,2.095,3.689,4.59,5.509,488.893
2023-04-13,2.109,3.669,4.609,5.51,492.495
2023-04-14,2.11,3.631,4.59,5.505,492.463
2023-04-17,2.103,3.625,4.638,5.539,495.565
2023-04-18,2.099,3.621,4.56,5.522,490.949
2023-04-19,2.065,3.646,4.562,5.56,487.446
2023-04-20,2.085,3.589,4.565,5.58,488.801
2023-04-21,2.062,3.552,4.504,5.604,486.557
2023-04-24,2.057,3.528,4.551,5.678,485.21
2023-04-25,2.058,3.544,4.523,5.721,488.734
2023-04-26,2.065,3.518,4.513,5.728,487.826
2023-04-27,2.084,3.5,4.519,5.67,487.56
2023-04-28,2.089,3.441,4.466,5.635,487.669
2023-05-01,2.113,3.444,4.461,5.635,484.079
2023-05-02,2.118,3.484,4.496,5.642,479.036
2023-05-03,2.117,3.486,4.497,5.541,475.83
2023-05-04,2.107,3.544,4.472,5.514,477.594
2023-05-05,2.084,3.595,4.487,5.493,477.589
2023-05-08,2.098,3.58,4.469,5.513,477.047
2023-05-09,2.099,3.54,4.422,5.484,473.671
2023-05-10,2.072,3.554,4.439,5.567,472.918
2023-05-11,2.072,3.629,4.528,5.609,473.159
2023-05-12,2.074,3.642,4.518,5.568,473.682
2023-05-15,2.053,3.65,4.594,5.671,473.496
2023-05-16,2.044,3.622,4.532,5.642,477.121
2023-05-17,2.034,3.623,4.54,5.579,477.68
2023-05-18,2.047,3.66,4.51,5.679,476.346
2023-05-19,2.039,3.651,4.536,5.693,481.988
2023-05-22,2.04,3.616,4.515,5.724,479.492
2023-05-23,2.027,3.643,4.513,5.691,482.745
2023-05-24,2.03,3.647,4.514,5.671,479.222
2023-05-25,2.049,3.622,4.498,5.643,479.308
2023-05-26,2.079,3.573,4.499,5.677,479.051
2023-05-29,2.059,3.586,4.537,5.71,481.718
2023-05-30,2.079,3.582,4.517,5.747,480.39
2023-05-31,2.079,3.577,4.49,5.779,484.293
2023-06-01,2.097,3.6,4.44,5.785,485.728
2023-06-02,2.078,3.581,4.488,5.953,486.703
2023-06-05,2.08,3.585,4.486,5.959,488.548
2023-06-06,2.076,3.576,4.508,5.925,487.812
2023-06-07,2.074,3.625,4.495,5.916,491.688
2023-06-08,2.065,3.648,4.56,5.917,488.971
2023-06-09,2.049,3.597,4.594,5.906,486.337
2023-06-12,2.046,3.612,4.607,5.914,486.647
2023-06-13,2.036,3.592,4.586,5.825,487.634
2023-06-14,2.024,3.572,4.594,5.861,493.258
2023-06-15,2.014,3.579,4.587,5.975,490.038
2023-06-16,2.027,3.574,4.605,5.943,488.071
2023-06-19,2.035,3.567,4.641,5.924,486.694
2023-06-20,2.052,3.539,4.591,5.976,484.449
2023-06-21,2.061,3.507,4.561,5.922,487.797
2023-06-22,2.076,3.455,4.525,5.92,490.068
2023-06-23,2.074,3.479,4.562,5.898,490.643
2023-06-26,2.069,3.453,4.535,5.906,498.147
2023-06-27,2.092,3.424,4.508,5.945,497.79
2023-06-28,2.077,3.406,4.506,5.939,495.986
2023-06-29,2.126,3.445,4.547,5.908,496.64
2023-06-30,2.16,3.508,4.511,5.88,495.03
2023-07-03,2.177,3.562,4.502,5.846,495.769
2023-07-04,2.182,3.554,4.471,5.967,499.463
2023-07-05,2.173,3.545,4.521,5.908,502.753
2023-07-06,2.143,3.538,4.512,5.953,494.503
2023-07-07,2.151,3.533,4.519,5.938,490.941
2023-07-10,2.141,3.495,4.545,5.875,492.422
2023-07-11,2.14,3.534,4.537,5.885,496.028
2023-07-12,2.137,3.592,4.546,5.889,494.531
2023-07-13,2.13,3.573,4.614,5.932,490.539
2023-07-14,2.151,3.58,4.68,6.036,497.977
2023-07-17,2.161,3.585,4.672,6.038,494.242
2023-07-18,2.176,3.586,4.604,6.073,494.522
2023-07-19,2.193,3.626,4.59,6.092,495.025
2023-07-20,2.182,3.539,4.671,6.045,495.33
2023-07-21,2.2,3.572,4.708,6.05,496.155
2023-07-24,2.202,3.507,4.713,6.062,497.436
2023-07-25,2.202,3.453,4.726,6.12,498.29
2023-07-26,2.184,3.411,4.78,6.054,493.756
2023-07-27,2.188,3.415,4.744,6.049,492.406
2023-07-28,2.186,3.391,4.774,6.007,492.519
2023-07-31,2.194,3.385,4.739,5.95,492.308
2023-08-01,2.184,3.365,4.672,5.937,493.509
2023-08-02,2.207,3.334,4.721,5.963,489.511
2023-08-03,2.205,3.359,4.783,5.95,489.873
2023-08-04,2.217,3.391,4.82,5.951,492.902
2023-08-07,2.205,3.415,4.801,5.969,490.834
2023-08-08,2.203,3.402,4.825,5.975,492.64
2023-08-09,2.21,3.379,4.772,5.933,487.698
2023-08-10,2.195,3.335,4.756,5.974,489.397
2023-08-11,2.214,3.354,4.791,5.929,489.762
2023-08-14,2.208,3.309,4.805,5.933,489.051
2023-08-15,2.19,3.309,4.702,5.899,487.174
2023-08-16,2.2,3.287,4.634,5.896,485.846
2023-08-17,2.206,3.237,4.625,5.833,486.137
2023-08-18,2.25,3.227,4.611,5.818,488.357
2023-08-21,2.263,3.233,4.597,5.846,485.442
2023-08-22,2.306,3.279,4.584,5.797,486.619
2023-08-23,2.296,3.294,4.602,5.839,485.212
2023-08-24,2.285,3.313,4.616,5.822,480.285
2023-08-25,2.316,3.349,4.626,5.839,478.735
2023-08-28,2.311,3.373,4.577,5.862,474.33
2023-08-29,2.285,3.361,4.533,5.852,475.912
2023-08-30,2.272,3.356,4.523,5.866,476.514
2023-08-31,2.269,3.301,4.564,5.812,475.866
2023-09-01,2.269,3.306,4.541,5.844,480.189
2023-09-04,2.27,3.278,4.533,5.804,482.308
2023-09-05,2.256,3.249,4.539,5.867,480.977
2023-09-06,2.256,3.205,4.521,5.95,481.556
2023-09-07,2.239,3.175,4.473,5.985,481.959
2023-09-08,2.244,3.138,4.468,6.022,485.852
2023-09-11,2.228,3.156,4.448,6.014,487.448
2023-09-12,2.209,3.155,4.463,6.048,491.972
2023-09-13,2.196,3.151,4.469,6.028,488.976
2023-09-14,2.182,3.137,4.491,6.071,490.375
2023-09-15,2.171,3.143,4.457,6.05,491.565
2023-09-18,2.182,3.156,4.497,6.015,496.139
2023-09-19,2.185,3.182,4.504,5.981,497.03
2023-09-20,2.193,3.19,4.512,6.076,498.316
2023-09-21,2.22,3.182,4.46,6.108,501.495
2023-09-22,2.252,3.195,4.461,6.049,508.03
2023-09-25,2.291,3.204,4.462,6.046,504.486
2023-09-26,2.274,3.199,4.521,6.034,502.244
2023-09-27,2.273,3.164,4.52,6.072,501.878
2023-09-28,2.267,3.156,4.503,6.103,502.145
2023-09-29,2.268,3.179,4.504,6.204,499.904
2023-10-02,2.253,3.168,4.544,6.229,498.438
2023-10-03,2.282,3.161,4.532,6.257,494.06
2023-10-04,2.262,3.217,4.499,6.239,496.285
2023-10-05,2.252,3.22,4.472,6.279,497.47
2023-10-06,2.238,3.237,4.46,6.414,498.931
2023-10-09,2.209,3.234,4.465,6.491,499.265
2023-10-10,2.202,3.209,4.435,6.586,499.467
2023-10-11,2.183,3.204,4.448,6.645,505.259
2023-10-12,2.159,3.218,4.467,6.55,498.486
2023-10-13,2.171,3.188,4.477,6.561,500.305
2023-10-16,2.197,3.188,4.492,6.62,499.816
2023-10-17,2.19,3.149,4.434,6.589,500.658
2023-10-18,2.223,3.174,4.44,6.608,495.89
2023-10-19,2.226,3.145,4.464,6.669,501.51
2023-10-20,2.192,3.178,4.421,6.589,501.182
2023-10-23,2.211,3.171,4.49,6.57,500.43
2023-10-24,2.221,3.14,4.421,6.648,500.585
2023-10-25,2.232,3.138,4.401,6.61,501.453
2023-10-26,2.219,3.169,4.412,6.576,500.5
2023-10-27,2.21,3.143,4.368,6.565,502.403
2023-10-30,2.187,3.137,4.4,6.551,500.955
2023-10-31,2.189,3.109,4.38,6.578,504.694
2023-11-01,2.197,3.118,4.391,6.609,497.931
2023-11-02,2.195,3.157,4.377,6.614,498.836
2023-11-03,2.175,3.143,4.337,6.719,504.014
2023-11-06,2.179,3.139,4.335,6.618,503.528
2023-11-07,2.195,3.115,4.337,6.549,504.306
2023-11-08,2.201,3.134,4.345,6.559,501.435
2023-11-09,2.189,3.185,4.36,6.492,495.533
2023-11-10,2.175,3.182,4.368,6.497,488.303
2023-11-13,2.154,3.157,4.383,6.439,487.753
2023-11-14,2.17,3.125,4.315,6.376,489.787
2023-11-15,2.183,3.163,4.353,6.378,490.589
2023-11-16,2.196,3.188,4.349,6.403,491.134
2023-11-17,2.202,3.229,4.305,6.378,493.253
2023-11-20,2.197,3.241,4.262,6.356,495.134
2023-11-21,2.211,3.232,4.312,6.31,499.307
2023-11-22,2.199,3.234,4.274,6.31,503.199
2023-11-23,2.167,3.242,4.233,6.396,507.36
2023-11-24,2.172,3.213,4.268,6.302,505.155
2023-11-27,2.184,3.232,4.295,6.323,506.927
2023-11-28,2.187,3.22,4.34,6.374,504.415
2023-11-29,2.203,3.198,4.353,6.373,508.085
2023-11-30,2.223,3.196,4.422,6.411,510.406
2023-12-01,2.218,3.189,4.441,6.4,503.035
2023-12-04,2.218,3.161,4.476,6.395,502.486
2023-12-05,2.217,3.131,4.487,6.427,499.146
2023-12-06,2.211,3.147,4.47,6.457,505.342
2023-12-07,2.206,3.16,4.456,6.415,505.966
2023-12-08,2.226,3.214,4.446,6.4,512.678
2023-12-11,2.223,3.204,4.405,6.385,512.809
2023-12-12,2.233,3.191,4.422,6.361,516.845
2023-12-13,2.238,3.214,4.448,6.324,518.222
2023-12-14,2.224,3.224,4.463,6.345,523.137
2023-12-15,2.194,3.277,4.464,6.305,522.226
2023-12-18,2.2,3.29,4.502,6.315,520.722
2023-12-19,2.199,3.283,4.523,6.324,521.825
2023-12-20,2.181,3.25,4.475,6.382,524.583
2023-12-21,2.204,3.239,4.471,6.433,521.203
2023-12-22,2.206,3.254,4.455,6.418,524.108
2023-12-25,2.227,3.258,4.467,6.389,523.437
2023-12-26,2.211,3.293,4.524,6.353,519.698
2023-12-27,2.195,3.268,4.565,6.365,520.635
2023-12-28,2.195,3.259,4.554,6.328,516.657
2023-12-29,2.176,3.181,4.528,6.406,514.047
2024-01-01,2.179,3.145,4.568,6.355,509.929
2024-01-02,2.17,3.14,4.564,6.314,512.011
2024-01-03,2.17,3.123,4.556,6.282,516.417
2024-01-04,2.169,3.161,4.547,6.285,512.849
2024-01-05,2.156,3.205,4.529,6.286,513.762
2024-01-08,2.152,3.236,4.476,6.296,518.183
2024-01-09,2.162,3.239,4.433,6.298,515.198
2024-01-10,2.156,3.225,4.45,6.345,515.959
2024-01-11,2.144,3.25,4.429,6.45,517.897
2024-01-12,2.161,3.222,4.433,6.417,517.716
2024-01-15,2.152,3.237,4.467,6.407,523.858
2024-01-16,2.164,3.215,4.382,6.413,518.006
2024-01-17,2.157,3.243,4.329,6.468,519.408
2024-01-18,2.162,3.223,4.338,6.501,520.977
2024-01-19,2.148,3.211,4.379,6.536,527.894
2024-01-22,2.133,3.224,4.384,6.666,531.595
2024-01-23,2.134,3.226,4.339,6.633,531.945
2024-01-24,2.131,3.246,4.352,6.64,530.012
2024-01-25,2.114,3.252,4.33,6.64,537.195
2024-01-26,2.09,3.273,4.321,6.612,539.058
2024-01-29,2.046,3.292,4.31,6.603,541.836
2024-01-30,2.03,3.269,4.316,6.658,541.207
2024-01-31,2.04,3.297,4.29,6.708,544.71
2024-02-01,2.026,3.284,4.289,6.61,542.448
2024-02-02,2.035,3.259,4.273,6.707,540.852
2024-02-05,2.04,3.243,4.277,6.651,540.332
2024-02-06,2.024,3.272,4.281,6.603,539.842
2024-02-07,2.02,3.281,4.273,6.552,544.712
2024-02-08,2.023,3.265,4.301,6.676,542.993
2024-02-09,2.005,3.261,4.314,6.706,539.495
2024-02-12,1.998,3.253,4.314,6.716,539.705
2024-02-13,2.015,3.222,4.33,6.75,542.949
2024-02-14,2.016,3.28,4.282,6.771,548.367
2024-02-15,2.037,3.298,4.333,6.841,546.029
2024-02-16,2.031,3.303,4.348,6.871,549.265
2024-02-19,2.024,3.292,4.325,6.946,548.426
2024-02-20,2.027,3.297,4.314,6.949,548.966
2024-02-21,2.029,3.249,4.286,6.83,544.821
2024-02-22,2.069,3.314,4.278,6.773,549.204
2024-02-23,2.093,3.324,4.269,6.744,551.147
2024-02-26,2.095,3.29,4.306,6.605,556.404
2024-02-27,2.079,3.23,4.308,6.644,552.586
2024-02-28,2.076,3.25,4.339,6.63,550.727
2024-02-29,2.081,3.264,4.322,6.623,547.712
2024-03-01,2.075,3.292,4.297,6.61,542.709
2024-03-04,2.058,3.328,4.291,6.516,538.865
2024-03-05,2.049,3.322,4.286,6.529,539.818
2024-03-06,2.038,3.325,4.314,6.507,542.553
2024-03-07,2.057,3.357,4.337,6.531,549.393
2024-03-08,2.086,3.364,4.326,6.623,545.182
2024-03-11,2.092,3.365,4.319,6.574,542.779
2024-03-12,2.105,3.372,4.344,6.564,549.422
2024-03-13,2.099,3.399,4.356,6.568,548.046
2024-03-14,2.122,3.413,4.389,6.482,549.12
2024-03-15,2.128,3.382,4.367,6.466,554.203
2024-03-18,2.129,3.368,4.423,6.482,551.989
2024-03-19,2.127,3.399,4.392,6.462,552.537
2024-03-20,2.112,3.361,4.368,6.515,559.521
2024-03-21,2.123,3.332,4.326,6.569,551.484
2024-03-22,2.102,3.284,4.332,6.608,554.341
2024-03-25,2.098,3.231,4.356,6.641,558.956
2024-03-26,2.101,3.295,4.383,6.622,560.369
2024-03-27,2.114,3.291,4.399,6.672,557.95
2024-03-28,2.127,3.326,4.418,6.617,560.346
2024-03-29,2.113,3.334,4.43,6.633,557.808
2024-04-01,2.123,3.349,4.443,6.605,557.46
2024-04-02,2.136,3.385,4.422,6.55,558.235
2024-04-03,2.149,3.327,4.463,6.564,557.479
2024-04-04,2.14,3.369,4.489,6.528,557.443
2024-04-05,2.128,3.377,4.472,6.55,558.909
2024-04-08,2.141,3.403,4.461,6.596,560.232
2024-04-09,2.133,3.407,4.463,6.613,563.817
2024-04-10,2.145,3.403,4.5,6.659,562.793
2024-04-11,2.147,3.355,4.505,6.693,564.371
2024-04-12,2.152,3.35,4.547,6.705,560.63
2024-04-15,2.146,3.344,4.598,6.689,558.017
2024-04-16,2.165,3.294,4.61,6.736,560.171
2024-04-17,2.168,3.258,4.65,6.832,561.143
2024-04-18,2.171,3.249,4.689,6.889,564.723
2024-04-19,2.185,3.248,4.727,6.873,563.42
2024-04-22,2.21,3.253,4.74,6.742,559.034
2024-04-23,2.217,3.273,4.789,6.777,560.238
2024-04-24,2.238,3.296,4.883,6.733,557.004
2024-04-25,2.258,3.278,4.897,6.751,558.331
2024-04-26,2.25,3.301,4.847,6.732,559.106
2024-04-29,2.231,3.322,4.845,6.652,552.974
2024-04-30,2.22,3.322,4.829,6.696,561.127
2024-05-01,2.221,3.302,4.794,6.667,562.334
2024-05-02,2.192,3.323,4.792,6.705,563.186
2024-05-03,2.176,3.302,4.803,6.731,564.97
2024-05-06,2.176,3.319,4.776,6.702,565.261
2024-05-07,2.181,3.357,4.784,6.711,564.719
2024-05-08,2.155,3.377,4.768,6.72,569.135
2024-05-09,2.149,3.367,4.835,6.794,569.082
2024-05-10,2.12,3.354,4.836,6.822,568.581
2024-05-13,2.14,3.362,4.781,6.841,569.771
2024-05-14,2.145,3.38,4.742,6.803,575.596
2024-05-15,2.138,3.389,4.673,6.821,569.572
2024-05-16,2.133,3.418,4.694,6.808,561.932
2024-05-17,2.145,3.482,4.73,6.843,563.437
2024-05-20,2.116,3.469,4.751,6.915,559.607
2024-05-21,2.096,3.503,4.745,7.007,559.211
2024-05-22,2.096,3.54,4.75,7.092,559.727
2024-05-23,2.101,3.542,4.716,7.076,556.16
2024-05-24,2.096,3.512,4.716,7.047,558.338
2024-05-27,2.061,3.521,4.721,6.988,557.224
2024-05-28,2.05,3.457,4.787,6.975,559.315
2024-05-29,2.038,3.467,4.802,7.014,555.051
2024-05-30,2.008,3.492,4.763,7.017,557.53
2024-05-31,1.975,3.531,4.795,7.114,555.585
2024-06-03,1.968,3.519,4.853,6.996,563.006
2024-06-04,1.946,3.519,4.882,6.953,563.67
2024-06-05,1.94,3.578,4.883,7.019,565.724
2024-06-06,1.942,3.569,4.928,7.057,569.458
2024-06-07,1.919,3.6,4.862,7.188,564.396
2024-06-10,1.923,3.552,4.87,7.105,563.94
2024-06-11,1.922,3.516,4.793,7.115,562.406
2024-06-12,1.909,3.507,4.728,7.183,556.777
2024-06-13,1.92,3.519,4.654,7.155,555.506
2024-06-14,1.934,3.519,4.62,7.074,555.989
2024-06-17,1.929,3.536,4.659,7.036,559.191
2024-06-18,1.922,3.52,4.701,7.059,561.884
2024-06-19,1.918,3.531,4.694,6.994,560.398
2024-06-20,1.876,3.534,4.665,6.916,565.953
2024-06-21,1.866,3.542,4.689,6.928,568.051
2024-06-24,1.857,3.567,4.683,6.992,572.112
2024-06-25,1.849,3.615,4.662,7.0,572.572
2024-06-26,1.841,3.564,4.709,6.967,570.409
2024-06-27,1.83,3.526,4.756,6.989,569.574
2024-06-28,1.849,3.507,4.8,7.05,562.924
2024-07-01,1.851,3.514,4.85,7.109,560.668
2024-07-02,1.856,3.573,4.941,7.116,556.256
2024-07-03,1.865,3.567,4.878,7.14,556.65
2024-07-04,1.879,3.544,4.912,7.175,560.247
2024-07-05,1.889,3.524,4.919,7.109,555.462
2024-07-08,1.89,3.532,4.996,7.098,553.851
2024-07-09,1.865,3.566,5.029,7.108,560.998
2024-07-10,1.873,3.604,5.05,7.17,559.883
2024-07-11,1.882,3.599,5.095,7.251,557.276
2024-07-12,1.873,3.637,5.08,7.243,552.645
2024-07-15,1.862,3.635,5.034,7.307,551.544
2024-07-16,1.836,3.649,5.094,7.258,554.267
2024-07-17,1.838,3.636,5.059,7.233,554.273
2024-07-18,1.828,3.642,5.051,7.169,558.956
2024-07-19,1.816,3.647,4.946,7.145,563.144
2024-07-22,1.82,3.652,4.934,7.049,563.991
2024-07-23,1.8,3.673,4.955,6.967,562.455
2024-07-24,1.795,3.684,4.935,6.943,568.255
2024-07-25,1.799,3.706,4.927,6.832,571.388
2024-07-26,1.808,3.732,4.959,6.736,572.891
2024-07-29,1.817,3.685,4.96,6.736,573.999
2024-07-30,1.821,3.663,4.996,6.655,571.604
2024-07-31,1.798,3.626,4.979,6.652,577.486
2024-08-01,1.813,3.616,4.994,6.639,581.725
2024-08-02,1.812,3.623,4.972,6.6,586.334
2024-08-05,1.799,3.609,4.988,6.517,583.148
2024-08-06,1.782,3.64,4.994,6.583,584.747
2024-08-07,1.783,3.627,4.958,6.663,581.768
2024-08-08,1.776,3.663,4.898,6.711,585.514
2024-08-09,1.793,3.645,4.948,6.7,581.867
2024-08-12,1.8,3.624,4.939,6.7,579.831
2024-08-13,1.815,3.626,4.915,6.764,583.126
2024-08-14,1.809,3.675,4.92,6.8,577.616
2024-08-15,1.814,3.683,4.934,6.863,578.643
2024-08-16,1.826,3.656,4.972,6.8,581.147
2024-08-19,1.823,3.647,4.945,6.761,580.157
2024-08-20,1.805,3.654,4.975,6.708,578.745
2024-08-21,1.804,3.619,4.969,6.662,582.579
2024-08-22,1.811,3.615,5.022,6.649,583.257
2024-08-23,1.797,3.616,4.999,6.581,581.177
2024-08-26,1.798,3.593,4.924,6.534,585.013
2024-08-27,1.792,3.611,4.882,6.593,582.489
2024-08-28,1.793,3.577,4.945,6.607,586.165
2024-08-29,1.781,3.572,4.995,6.693,584.425
2024-08-30,1.773,3.567,4.951,6.715,580.864
2024-09-02,1.775,3.581,4.944,6.686,581.047
2024-09-03,1.763,3.592,4.981,6.656,582.377
2024-09-04,1.75,3.53,4.971,6.612,581.987
2024-09-05,1.732,3.586,4.957,6.665,583.852
2024-09-06,1.737,3.559,4.979,6.684,592.044
2024-09-09,1.75,3.547,4.99,6.713,591.49
2024-09-10,1.747,3.555,5.022,6.674,592.709
2024-09-11,1.738,3.567,4.997,6.763,590.04
2024-09-12,1.743,3.631,5.055,6.759,592.029
2024-09-13,1.76,3.621,5.043,6.833,589.691
2024-09-16,1.72,3.6,5.078,6.754,585.515
2024-09-17,1.731,3.585,5.165,6.743,585.624
2024-09-18,1.72,3.603,5.133,6.932,584.727
2024-09-19,1.729,3.604,5.152,6.931,583.967
2024-09-20,1.73,3.553,5.051,6.831,584.885
2024-09-23,1.716,3.538,5.127,6.851,578.744
2024-09-24,1.694,3.515,5.064,6.81,577.964
2024-09-25,1.674,3.502,5.011,6.801,582.196
2024-09-26,1.694,3.517,5.022,6.734,580.934
2024-09-27,1.694,3.455,5.074,6.721,576.93
2024-09-30,1.686,3.462,5.032,6.777,584.635
2024-10-01,1.688,3.539,5.064,6.741,581.922
2024-10-02,1.69,3.522,5.073,6.708,586.369
2024-10-03,1.69,3.523,5.032,6.66,589.629
2024-10-04,1.686,3.567,5.033,6.704,586.645
2024-10-07,1.667,3.544,5.097,6.803,585.862
2024-10-08,1.649,3.583,5.08,6.804,586.608
2024-10-09,1.663,3.569,5.075,6.853,580.497
2024-10-10,1.659,3.598,5.053,6.862,577.658
2024-10-11,1.658,3.585,5.017,6.877,580.855
2024-10-14,1.644,3.547,4.985,6.846,584.412
2024-10-15,1.655,3.569,5.045,6.795,592.631
2024-10-16,1.645,3.609,5.038,6.764,593.939
2024-10-17,1.644,3.66,5.034,6.838,589.32
2024-10-18,1.645,3.698,5.02,6.816,588.228
2024-10-21,1.632,3.729,4.992,6.704,591.011
2024-10-22,1.634,3.727,5.015,6.761,591.371
2024-10-23,1.638,3.745,5.042,6.753,590.528
2024-10-24,1.643,3.741,5.07,6.819,590.221
2024-10-25,1.634,3.672,5.088,6.76,587.204
2024-10-28,1.632,3.683,5.119,6.772,574.646
2024-10-29,1.646,3.624,5.154,6.789,575.888
2024-10-30,1.66,3.632,5.161,6.731,577.861
2024-10-31,1.659,3.665,5.162,6.659,574.756
2024-11-01,1.67,3.691,5.234,6.578,574.261
2024-11-04,1.682,3.689,5.318,6.542,574.088
2024-11-05,1.681,3.723,5.328,6.623,577.09
2024-11-06,1.696,3.719,5.336,6.609,579.132
2024-11-07,1.699,3.718,5.279,6.645,579.02
2024-11-08,1.678,3.728,5.226,6.631,582.082
2024-11-11,1.715,3.736,5.158,6.595,583.776
2024-11-12,1.699,3.739,5.137,6.579,578.388
2024-11-13,1.695,3.807,5.146,6.589,574.899
2024-11-14,1.692,3.796,5.134,6.554,575.855
2024-11-15,1.679,3.836,5.125,6.609,579.239
2024-11-18,1.677,3.875,5.149,6.522,580.671
2024-11-19,1.676,3.804,5.158,6.462,585.897
2024-11-20,1.661,3.787,5.078,6.426,580.808
2024-11-21,1.671,3.795,5.143,6.47,581.394
2024-11-22,1.696,3.771,5.159,6.389,580.967
2024-11-25,1.705,3.782,5.141,6.335,575.583
2024-11-26,1.719,3.782,5.133,6.328,577.333
2024-11-27,1.731,3.719,5.096,6.307,572.565
2024-11-28,1.724,3.78,5.053,6.277,565.089
2024-11-29,1.747,3.823,5.042,6.3,563.666
2024-12-02,1.76,3.808,5.045,6.308,570.669
2024-12-03,1.772,3.775,5.047,6.242,570.61
2024-12-04,1.8,3.753,5.035,6.215,567.79
2024-12-05,1.819,3.75,5.079,6.191,568.006
2024-12-06,1.822,3.758,5.121,6.132,568.824
2024-12-09,1.828,3.778,5.06,6.105,566.298
2024-12-10,1.85,3.747,5.038,6.132,566.287
2024-12-11,1.865,3.827,5.002,6.117,569.249
2024-12-12,1.847,3.902,4.978,6.125,568.386
2024-12-13,1.874,3.89,4.982,6.09,573.632
2024-12-16,1.891,3.862,4.949,6.123,580.201
2024-12-17,1.925,3.828,4.992,6.146,580.779
2024-12-18,1.928,3.847,4.983,6.075,589.85
2024-12-19,1.901,3.86,4.971,6.097,589.079
2024-12-20,1.893,3.845,4.975,6.057,587.054
2024-12-23,1.884,3.823,5.015,5.996,588.414
2024-12-24,1.889,3.795,4.976,6.11,590.483
2024-12-25,1.931,3.826,4.981,6.139,592.08
2024-12-26,1.927,3.879,4.932,6.117,584.919
2024-12-27,1.953,3.858,4.931,6.147,588.958
2024-12-30,1.947,3.83,4.96,6.159,589.356
2024-12-31,1.964,3.822,4.913,6.116,593.839
