date,ticker,open,high,low,close,adj_close,volume
2019-01-01,^TNX,42.22,42.234,42.102,42.212,42.212,5766109
2019-01-02,^TNX,42.162,42.744,42.067,42.681,42.681,4501782
2019-01-03,^TNX,42.591,42.709,42.513,42.659,42.659,4438126
2019-01-04,^TNX,42.818,42.836,42.343,42.524,42.524,3687496
2019-01-07,^TNX,42.506,42.563,42.329,42.369,42.369,3505128
2019-01-08,^TNX,42.384,42.389,42.117,42.265,42.265,5210348
2019-01-09,^TNX,42.372,42.427,42.214,42.299,42.299,5257494
2019-01-10,^TNX,42.389,42.635,42.344,42.579,42.579,3704006
2019-01-11,^TNX,42.493,42.609,42.398,42.434,42.434,7045875
2019-01-14,^TNX,42.389,42.423,42.114,42.363,42.363,4464177
2019-01-15,^TNX,42.609,42.745,42.427,42.514,42.514,4156853
2019-01-16,^TNX,42.519,42.549,42.482,42.514,42.514,3678248
2019-01-17,^TNX,42.582,43.001,42.554,42.829,42.829,5737704
2019-01-18,^TNX,42.852,42.862,42.147,42.454,42.454,5185275
2019-01-21,^TNX,42.433,42.877,42.305,42.733,42.733,6269963
2019-01-22,^TNX,42.735,42.965,42.569,42.742,42.742,4070087
2019-01-23,^TNX,42.763,42.807,42.525,42.634,42.634,3373666
2019-01-24,^TNX,42.661,42.712,42.161,42.172,42.172,5697230
2019-01-25,^TNX,41.951,42.234,41.875,42.213,42.213,5386310
2019-01-28,^TNX,42.167,42.469,42.015,42.283,42.283,5889056
2019-01-29,^TNX,42.214,42.814,42.154,42.612,42.612,2555133
2019-01-30,^TNX,42.452,43.04,42.334,42.893,42.893,8030171
2019-01-31,^TNX,42.812,42.816,42.612,42.74,42.74,7387417
2019-02-01,^TNX,42.549,43.498,42.544,43.333,43.333,4308067
2019-02-04,^TNX,43.485,43.612,43.053,43.066,43.066,4428963
2019-02-05,^TNX,43.02,43.348,42.869,43.158,43.158,4974573
2019-02-06,^TNX,43.111,43.232,42.849,42.899,42.899,5407874
2019-02-07,^TNX,42.96,43.07,42.377,42.38,42.38,4883443
2019-02-08,^TNX,42.357,42.48,42.225,42.226,42.226,5229094
2019-02-11,^TNX,42.278,42.339,42.033,42.206,42.206,4733310
2019-02-12,^TNX,42.174,42.594,42.144,42.484,42.484,6231080
2019-02-13,^TNX,42.473,42.571,42.201,42.27,42.27,7001138
2019-02-14,^TNX,42.237,42.315,41.945,42.304,42.304,5800517
2019-02-15,^TNX,42.375,42.533,42.184,42.504,42.504,4494589
2019-02-18,^TNX,42.454,42.602,42.375,42.403,42.403,5297106
2019-02-19,^TNX,42.187,42.408,42.108,42.347,42.347,7678119
2019-02-20,^TNX,42.349,42.41,41.704,41.943,41.943,4665759
2019-02-21,^TNX,42.022,42.164,41.962,42.066,42.066,6486702
2019-02-22,^TNX,42.002,42.041,41.792,41.873,41.873,4754538
2019-02-25,^TNX,41.78,41.886,41.507,41.637,41.637,3375774
2019-02-26,^TNX,41.582,41.901,41.529,41.854,41.854,5923354
2019-02-27,^TNX,41.656,42.371,41.629,42.15,42.15,6481772
2019-02-28,^TNX,42.059,42.151,41.919,42.022,42.022,7786735
2019-03-01,^TNX,41.954,41.979,41.393,41.541,41.541,7449945
2019-03-04,^TNX,41.596,41.96,41.527,41.9,41.9,9191912
2019-03-05,^TNX,41.857,42.237,41.745,42.137,42.137,7903670
2019-03-06,^TNX,42.194,42.298,41.855,41.92,41.92,5687958
2019-03-07,^TNX,41.802,42.058,41.735,41.872,41.872,5015439
2019-03-08,^TNX,42.076,42.122,41.982,42.058,42.058,4589074
2019-03-11,^TNX,41.981,42.473,41.889,42.389,42.389,4077342
2019-03-12,^TNX,42.297,42.457,42.243,42.306,42.306,7406932
2019-03-13,^TNX,42.414,42.606,42.114,42.278,42.278,3660327
2019-03-14,^TNX,42.18,42.238,42.018,42.183,42.183,3895500
2019-03-15,^TNX,42.203,42.252,42.102,42.117,42.117,5806121
2019-03-18,^TNX,42.351,42.506,42.075,42.222,42.222,6260859
2019-03-19,^TNX,42.174,42.228,42.142,42.162,42.162,1969042
2019-03-20,^TNX,41.995,42.683,41.954,42.491,42.491,5068465
2019-03-21,^TNX,42.491,42.561,42.304,42.417,42.417,3439283
2019-03-22,^TNX,42.356,43.009,42.338,42.869,42.869,5634993
2019-03-25,^TNX,42.785,42.854,42.423,42.507,42.507,4156611
2019-03-26,^TNX,42.547,42.712,42.533,42.615,42.615,6291426
2019-03-27,^TNX,42.698,42.845,42.633,42.727,42.727,3934903
2019-03-28,^TNX,42.758,42.791,42.575,42.593,42.593,6656219
2019-03-29,^TNX,42.619,42.637,42.526,42.544,42.544,6534425
2019-04-01,^TNX,42.411,42.512,42.177,42.224,42.224,5410135
2019-04-02,^TNX,42.175,42.338,41.942,42.104,42.104,2660338
2019-04-03,^TNX,42.168,42.335,41.211,41.264,41.264,2577819
2019-04-04,^TNX,41.167,41.193,41.048,41.173,41.173,3589060
2019-04-05,^TNX,41.206,41.395,41.082,41.321,41.321,4184742
2019-04-08,^TNX,41.24,41.497,41.203,41.482,41.482,3100469
2019-04-09,^TNX,41.552,41.626,41.14,41.154,41.154,8065614
2019-04-10,^TNX,41.074,41.204,40.953,41.176,41.176,4875411
2019-04-11,^TNX,41.235,41.246,40.922,41.051,41.051,3257691
2019-04-12,^TNX,41.11,41.189,40.972,41.08,41.08,4693784
2019-04-15,^TNX,41.078,41.508,40.941,41.314,41.314,5336212
2019-04-16,^TNX,41.295,41.426,41.257,41.313,41.313,4768369
2019-04-17,^TNX,41.205,41.392,41.005,41.243,41.243,2935425
2019-04-18,^TNX,41.126,41.582,41.004,41.482,41.482,4039606
2019-04-19,^TNX,41.654,41.697,40.82,40.859,40.859,3349794
2019-04-22,^TNX,40.786,41.422,40.671,41.168,41.168,4337355
2019-04-23,^TNX,41.004,41.422,40.989,41.253,41.253,3479436
2019-04-24,^TNX,41.272,41.44,40.931,40.967,40.967,5499988
2019-04-25,^TNX,40.919,41.054,40.427,40.447,40.447,3450254
2019-04-26,^TNX,40.45,40.452,40.303,40.334,40.334,7008023
2019-04-29,^TNX,40.327,40.353,39.889,39.954,39.954,5061856
2019-04-30,^TNX,39.851,39.993,39.814,39.909,39.909,8496984
2019-05-01,^TNX,39.74,39.814,39.661,39.75,39.75,7470487
2019-05-02,^TNX,39.74,39.784,39.554,39.614,39.614,5782447
2019-05-03,^TNX,39.702,39.757,39.579,39.712,39.712,6986231
2019-05-06,^TNX,39.676,39.99,39.569,39.974,39.974,7540630
2019-05-07,^TNX,39.986,40.124,39.753,39.989,39.989,2885265
2019-05-08,^TNX,40.044,40.108,39.857,39.899,39.899,4658004
2019-05-09,^TNX,39.846,39.871,39.607,39.683,39.683,4162301
2019-05-10,^TNX,39.615,40.107,39.596,40.045,40.045,4583680
2019-05-13,^TNX,39.993,40.329,39.913,40.279,40.279,5378613
2019-05-14,^TNX,40.343,40.766,40.324,40.581,40.581,3135140
2019-05-15,^TNX,40.615,40.936,40.564,40.806,40.806,5058981
2019-05-16,^TNX,40.821,41.076,40.463,40.666,40.666,5715938
2019-05-17,^TNX,40.557,40.922,40.553,40.593,40.593,3994844
2019-05-20,^TNX,40.741,40.789,40.613,40.665,40.665,2659754
2019-05-21,^TNX,40.664,40.735,40.566,40.62,40.62,5552303
2019-05-22,^TNX,40.594,40.687,40.508,40.546,40.546,4501352
2019-05-23,^TNX,40.595,40.782,40.29,40.45,40.45,3990753
2019-05-24,^TNX,40.499,40.507,39.813,39.95,39.95,2258294
2019-05-27,^TNX,39.936,39.98,39.77,39.785,39.785,4080544
2019-05-28,^TNX,39.832,39.921,39.59,39.766,39.766,4695685
2019-05-29,^TNX,39.916,40.047,39.508,39.516,39.516,5424064
2019-05-30,^TNX,39.557,39.559,39.053,39.174,39.174,5858144
2019-05-31,^TNX,39.152,39.706,39.072,39.58,39.58,3535474
2019-06-03,^TNX,39.491,39.97,39.447,39.876,39.876,4409619
2019-06-04,^TNX,39.785,39.815,39.201,39.322,39.322,3880170
2019-06-05,^TNX,39.255,39.382,39.141,39.232,39.232,5153905
2019-06-06,^TNX,39.179,39.206,38.373,38.401,38.401,4059375
2019-06-07,^TNX,38.301,38.571,38.198,38.516,38.516,4825828
2019-06-10,^TNX,38.489,38.621,38.36,38.616,38.616,3597828
2019-06-11,^TNX,38.599,38.673,38.253,38.488,38.488,5704535
2019-06-12,^TNX,38.403,39.168,38.35,39.06,39.06,8183170
2019-06-13,^TNX,38.92,39.245,38.858,39.23,39.23,4015822
2019-06-14,^TNX,39.297,39.353,38.883,38.926,38.926,1671162
2019-06-17,^TNX,38.978,39.191,38.884,39.127,39.127,4237629
2019-06-18,^TNX,39.097,39.898,39.068,39.834,39.834,5029442
2019-06-19,^TNX,39.832,40.005,39.685,39.756,39.756,3624699
2019-06-20,^TNX,39.763,39.831,39.504,39.704,39.704,4463020
2019-06-21,^TNX,39.756,39.992,39.564,39.931,39.931,5848906
2019-06-24,^TNX,39.971,40.416,39.851,40.116,40.116,4174560
2019-06-25,^TNX,40.1,40.233,39.805,40.033,40.033,3986341
2019-06-26,^TNX,39.992,40.15,39.898,40.046,40.046,7351241
2019-06-27,^TNX,39.98,40.506,39.811,40.498,40.498,5151013
2019-06-28,^TNX,40.537,40.655,40.484,40.554,40.554,2312587
2019-07-01,^TNX,40.695,40.709,40.153,40.275,40.275,4643773
2019-07-02,^TNX,40.278,40.319,39.971,40.027,40.027,4069735
2019-07-03,^TNX,40.086,40.204,39.644,39.679,39.679,6938714
2019-07-04,^TNX,39.765,39.789,39.241,39.296,39.296,3438086
2019-07-05,^TNX,39.288,39.326,39.183,39.239,39.239,5938918
2019-07-08,^TNX,39.09,39.139,38.871,38.931,38.931,8294265
2019-07-09,^TNX,38.876,39.275,38.574,39.269,39.269,4679031
2019-07-10,^TNX,39.345,39.668,39.208,39.553,39.553,5587923
2019-07-11,^TNX,39.535,39.565,39.501,39.506,39.506,5810079
2019-07-12,^TNX,39.591,39.74,39.063,39.183,39.183,6395187
2019-07-15,^TNX,39.113,39.492,39.081,39.449,39.449,4667613
2019-07-16,^TNX,39.489,39.671,39.478,39.599,39.599,4848766
2019-07-17,^TNX,39.537,39.914,39.391,39.835,39.835,2224820
2019-07-18,^TNX,39.777,40.356,39.719,40.125,40.125,5750133
2019-07-19,^TNX,40.177,40.344,40.124,40.299,40.299,5548301
2019-07-22,^TNX,40.347,40.408,40.203,40.384,40.384,1685019
2019-07-23,^TNX,40.27,40.337,40.257,40.263,40.263,4914753
2019-07-24,^TNX,40.32,40.46,39.793,39.936,39.936,5663213
2019-07-25,^TNX,39.941,40.343,39.922,40.122,40.122,2658426
2019-07-26,^TNX,40.175,40.557,40.155,40.394,40.394,5483215
2019-07-29,^TNX,40.454,40.651,40.059,40.108,40.108,6672581
2019-07-30,^TNX,40.125,40.17,39.678,39.811,39.811,7571303
2019-07-31,^TNX,39.89,39.998,39.879,39.998,39.998,5410791
2019-08-01,^TNX,39.962,40.17,39.821,39.997,39.997,5641706
2019-08-02,^TNX,40.071,40.098,39.761,39.828,39.828,5762362
2019-08-05,^TNX,39.654,39.841,39.41,39.423,39.423,7639824
2019-08-06,^TNX,39.41,39.446,39.304,39.429,39.429,9350715
2019-08-07,^TNX,39.379,39.452,39.122,39.266,39.266,3842242
2019-08-08,^TNX,39.269,39.37,38.915,39.02,39.02,2453666
2019-08-09,^TNX,39.13,39.32,39.123,39.23,39.23,2102445
2019-08-12,^TNX,39.338,39.419,39.129,39.185,39.185,4423819
2019-08-13,^TNX,39.264,39.395,38.988,39.057,39.057,6967487
2019-08-14,^TNX,39.066,39.518,39.03,39.407,39.407,4026446
2019-08-15,^TNX,39.26,39.588,39.157,39.465,39.465,5306960
2019-08-16,^TNX,39.49,39.662,39.322,39.587,39.587,3964874
2019-08-19,^TNX,39.605,39.817,39.415,39.549,39.549,4483011
2019-08-20,^TNX,39.509,39.523,39.33,39.4,39.4,4677020
2019-08-21,^TNX,39.36,39.429,39.301,39.339,39.339,5375145
2019-08-22,^TNX,39.473,39.571,39.178,39.226,39.226,3887157
2019-08-23,^TNX,39.316,39.461,39.301,39.344,39.344,6326183
2019-08-26,^TNX,39.308,39.437,38.82,38.994,38.994,5010324
2019-08-27,^TNX,39.06,39.116,38.516,38.697,38.697,7180038
2019-08-28,^TNX,38.734,38.936,38.669,38.796,38.796,3520810
2019-08-29,^TNX,38.79,38.848,38.677,38.696,38.696,3125726
2019-08-30,^TNX,38.64,38.882,38.631,38.732,38.732,5209907
2019-09-02,^TNX,38.74,38.755,38.481,38.641,38.641,5954821
2019-09-03,^TNX,38.624,38.736,38.486,38.647,38.647,6214286
2019-09-04,^TNX,38.502,38.671,38.45,38.614,38.614,6728495
2019-09-05,^TNX,38.61,38.815,38.52,38.764,38.764,7151113
2019-09-06,^TNX,38.893,39.065,38.785,39.047,39.047,4023663
2019-09-09,^TNX,38.952,38.957,38.505,38.678,38.678,3220324
2019-09-10,^TNX,38.72,38.943,38.711,38.837,38.837,4451759
2019-09-11,^TNX,38.9,39.169,38.466,38.492,38.492,4773808
2019-09-12,^TNX,38.45,38.61,38.105,38.264,38.264,6291237
2019-09-13,^TNX,38.314,38.339,37.406,37.473,37.473,3132374
2019-09-16,^TNX,37.627,38.165,37.479,37.958,37.958,3660941
2019-09-17,^TNX,37.991,38.072,37.586,37.79,37.79,4426961
2019-09-18,^TNX,37.802,38.307,37.797,38.096,38.096,3937579
2019-09-19,^TNX,38.098,38.218,38.055,38.165,38.165,3921057
2019-09-20,^TNX,38.244,38.287,37.945,38.008,38.008,2876644
2019-09-23,^TNX,38.042,38.068,37.59,37.813,37.813,6565189
2019-09-24,^TNX,37.857,37.967,37.744,37.802,37.802,5820690
2019-09-25,^TNX,37.756,38.47,37.682,38.418,38.418,6488524
2019-09-26,^TNX,38.385,38.509,38.203,38.438,38.438,4687041
2019-09-27,^TNX,38.507,38.554,38.109,38.15,38.15,6397863
2019-09-30,^TNX,38.321,38.486,38.102,38.235,38.235,2950854
2019-10-01,^TNX,38.331,38.732,38.323,38.675,38.675,6060212
2019-10-02,^TNX,38.737,38.865,38.606,38.86,38.86,4495144
2019-10-03,^TNX,38.799,39.056,38.666,38.962,38.962,4910122
2019-10-04,^TNX,39.007,39.162,38.83,38.887,38.887,5603148
2019-10-07,^TNX,38.842,38.92,38.416,38.494,38.494,7745004
2019-10-08,^TNX,38.594,38.754,38.288,38.359,38.359,1780947
2019-10-09,^TNX,38.323,38.393,38.072,38.334,38.334,5232247
2019-10-10,^TNX,38.172,38.571,38.075,38.424,38.424,7597329
2019-10-11,^TNX,38.624,38.832,38.334,38.398,38.398,5807841
2019-10-14,^TNX,38.43,38.609,38.38,38.529,38.529,6809369
2019-10-15,^TNX,38.515,38.784,38.499,38.778,38.778,3847955
2019-10-16,^TNX,38.817,39.027,38.606,38.822,38.822,4593527
2019-10-17,^TNX,38.693,39.187,38.686,39.057,39.057,7444781
2019-10-18,^TNX,39.03,39.067,38.942,39.003,39.003,4044526
2019-10-21,^TNX,38.929,39.221,38.777,39.025,39.025,7469475
2019-10-22,^TNX,38.952,39.229,38.942,39.089,39.089,5004494
2019-10-23,^TNX,39.028,39.147,38.641,38.814,38.814,6647648
2019-10-24,^TNX,38.873,38.93,38.804,38.829,38.829,5343497
2019-10-25,^TNX,38.843,39.328,38.833,39.204,39.204,4564165
2019-10-28,^TNX,39.201,39.214,39.058,39.085,39.085,5128817
2019-10-29,^TNX,39.035,39.175,38.955,39.141,39.141,5452916
2019-10-30,^TNX,39.105,39.146,38.785,38.792,38.792,6346482
2019-10-31,^TNX,38.754,38.768,38.012,38.181,38.181,4969018
2019-11-01,^TNX,38.206,38.267,37.925,37.975,37.975,4992592
2019-11-04,^TNX,38.023,38.115,37.893,37.965,37.965,7132518
2019-11-05,^TNX,37.971,38.335,37.916,38.232,38.232,3841945
2019-11-06,^TNX,38.225,38.346,38.051,38.311,38.311,5432420
2019-11-07,^TNX,38.374,38.569,38.297,38.443,38.443,7043349
2019-11-08,^TNX,38.515,38.653,38.203,38.425,38.425,4973809
2019-11-11,^TNX,38.397,38.638,38.21,38.498,38.498,4089766
2019-11-12,^TNX,38.481,38.772,38.4,38.636,38.636,6760307
2019-11-13,^TNX,38.693,38.81,38.546,38.552,38.552,6314275
2019-11-14,^TNX,38.662,38.747,38.547,38.553,38.553,5927184
2019-11-15,^TNX,38.626,38.638,38.46,38.529,38.529,5033122
2019-11-18,^TNX,38.578,38.805,38.559,38.782,38.782,4047690
2019-11-19,^TNX,38.813,38.886,38.471,38.63,38.63,5852821
2019-11-20,^TNX,38.547,38.792,38.485,38.486,38.486,3834678
2019-11-21,^TNX,38.419,38.503,38.184,38.254,38.254,4357168
2019-11-22,^TNX,38.27,38.378,37.853,37.889,37.889,5010570
2019-11-25,^TNX,37.866,37.886,37.451,37.526,37.526,4744827
2019-11-26,^TNX,37.562,38.129,37.345,38.099,38.099,4277652
2019-11-27,^TNX,38.131,38.486,38.054,38.259,38.259,3274475
2019-11-28,^TNX,38.329,38.445,38.15,38.235,38.235,4811570
2019-11-29,^TNX,38.165,38.434,38.154,38.326,38.326,5232120
2019-12-02,^TNX,38.343,38.356,37.903,37.929,37.929,3065085
2019-12-03,^TNX,37.806,38.002,37.596,37.928,37.928,5104830
2019-12-04,^TNX,37.902,37.99,37.857,37.87,37.87,4650639
2019-12-05,^TNX,37.947,38.088,37.72,37.829,37.829,4945296
2019-12-06,^TNX,37.758,38.325,37.643,38.277,38.277,3648617
2019-12-09,^TNX,38.264,38.295,38.005,38.027,38.027,3987496
2019-12-10,^TNX,37.94,38.004,37.353,37.412,37.412,7026722
2019-12-11,^TNX,37.431,37.679,37.349,37.524,37.524,3620943
2019-12-12,^TNX,37.679,37.739,37.398,37.484,37.484,4276122
2019-12-13,^TNX,37.388,37.73,37.381,37.72,37.72,6684775
2019-12-16,^TNX,37.692,37.736,37.39,37.43,37.43,3599238
2019-12-17,^TNX,37.478,37.544,37.052,37.136,37.136,4022657
2019-12-18,^TNX,37.217,37.484,37.19,37.359,37.359,5974890
2019-12-19,^TNX,37.391,37.436,37.136,37.264,37.264,6159967
2019-12-20,^TNX,37.328,37.444,37.233,37.397,37.397,4220625
2019-12-23,^TNX,37.334,37.555,37.185,37.515,37.515,5175792
2019-12-24,^TNX,37.529,37.927,37.415,37.788,37.788,6378957
2019-12-25,^TNX,37.769,37.936,37.554,37.579,37.579,5065166
2019-12-26,^TNX,37.509,38.155,37.42,37.786,37.786,2264019
2019-12-27,^TNX,37.777,38.064,37.767,37.891,37.891,5509704
2019-12-30,^TNX,37.832,37.836,37.511,37.55,37.55,6413949
2019-12-31,^TNX,37.472,37.87,37.408,37.713,37.713,5578552
2020-01-01,^TNX,37.727,38.514,37.702,38.325,38.325,4461472
2020-01-02,^TNX,38.471,38.554,38.203,38.283,38.283,5034165
2020-01-03,^TNX,38.184,38.393,38.131,38.302,38.302,4475756
2020-01-06,^TNX,38.211,38.63,38.165,38.524,38.524,4491474
2020-01-07,^TNX,38.544,38.555,38.481,38.523,38.523,5159929
2020-01-08,^TNX,38.402,39.011,38.25,38.707,38.707,5395804
2020-01-09,^TNX,38.647,38.697,38.455,38.614,38.614,3504550
2020-01-10,^TNX,38.653,38.997,38.645,38.935,38.935,5146377
2020-01-13,^TNX,38.886,38.907,38.783,38.802,38.802,4996187
2020-01-14,^TNX,38.8,38.9,38.702,38.876,38.876,3496592
2020-01-15,^TNX,39.003,39.013,38.626,38.684,38.684,7241737
2020-01-16,^TNX,38.73,38.731,38.654,38.716,38.716,5124577
2020-01-17,^TNX,38.607,38.915,38.594,38.681,38.681,6299644
2020-01-20,^TNX,38.634,39.183,38.621,38.994,38.994,5003707
2020-01-21,^TNX,39.129,39.659,39.108,39.627,39.627,7161451
2020-01-22,^TNX,39.619,39.655,39.153,39.277,39.277,5976342
2020-01-23,^TNX,39.172,39.622,39.116,39.605,39.605,6777648
2020-01-24,^TNX,39.645,39.828,39.599,39.744,39.744,4963151
2020-01-27,^TNX,39.785,39.908,39.648,39.833,39.833,6371654
2020-01-28,^TNX,39.98,40.071,39.54,39.659,39.659,3544825
2020-01-29,^TNX,39.694,39.792,39.363,39.434,39.434,5492406
2020-01-30,^TNX,39.5,39.513,39.326,39.493,39.493,3374634
2020-01-31,^TNX,39.597,39.855,39.42,39.802,39.802,5896737
2020-02-03,^TNX,39.676,39.807,39.57,39.709,39.709,6420611
2020-02-04,^TNX,39.699,39.97,39.507,39.886,39.886,8047024
2020-02-05,^TNX,39.867,40.124,39.822,40.082,40.082,5381436
2020-02-06,^TNX,40.074,40.345,40.012,40.338,40.338,6568273
2020-02-07,^TNX,40.323,40.441,40.153,40.441,40.441,2822705
2020-02-10,^TNX,40.405,40.487,39.815,39.923,39.923,5044114
2020-02-11,^TNX,39.996,40.168,39.731,39.86,39.86,5283678
2020-02-12,^TNX,39.821,40.147,39.712,40.114,40.114,3556113
2020-02-13,^TNX,40.221,40.753,40.024,40.609,40.609,3915598
2020-02-14,^TNX,40.53,40.644,40.394,40.41,40.41,5977506
2020-02-17,^TNX,40.36,40.533,40.288,40.433,40.433,5773980
2020-02-18,^TNX,40.253,40.378,40.182,40.281,40.281,6607344
2020-02-19,^TNX,40.159,40.165,39.753,39.761,39.761,5852792
2020-02-20,^TNX,39.913,40.019,39.602,39.678,39.678,6098984
2020-02-21,^TNX,39.581,39.894,39.456,39.89,39.89,6141103
2020-02-24,^TNX,39.898,39.996,39.58,39.746,39.746,7319892
2020-02-25,^TNX,39.8,39.883,39.547,39.801,39.801,7039317
2020-02-26,^TNX,39.834,39.876,39.508,39.538,39.538,5839330
2020-02-27,^TNX,39.649,39.657,39.511,39.545,39.545,3639175
2020-02-28,^TNX,39.733,39.742,39.116,39.27,39.27,4227693
2020-03-02,^TNX,39.252,39.499,39.132,39.338,39.338,6578237
2020-03-03,^TNX,39.314,39.709,39.259,39.499,39.499,4006891
2020-03-04,^TNX,39.582,39.654,39.449,39.537,39.537,5016212
2020-03-05,^TNX,39.484,39.512,39.217,39.421,39.421,4895396
2020-03-06,^TNX,39.289,39.462,39.147,39.378,39.378,3919222
2020-03-09,^TNX,39.403,39.505,39.03,39.124,39.124,6504305
2020-03-10,^TNX,39.071,39.146,39.051,39.139,39.139,5082904
2020-03-11,^TNX,39.101,39.335,38.879,39.185,39.185,5392365
2020-03-12,^TNX,39.134,39.649,39.045,39.438,39.438,4269999
2020-03-13,^TNX,39.417,39.636,39.221,39.522,39.522,5374710
2020-03-16,^TNX,39.543,39.639,39.192,39.281,39.281,4126098
2020-03-17,^TNX,39.207,39.264,38.973,39.079,39.079,3071139
2020-03-18,^TNX,39.314,39.357,38.975,39.015,39.015,4370690
2020-03-19,^TNX,38.835,38.992,38.825,38.944,38.944,5888994
2020-03-20,^TNX,39.047,39.118,38.463,38.737,38.737,7109408
2020-03-23,^TNX,38.713,39.183,38.682,38.846,38.846,2731534
2020-03-24,^TNX,38.789,39.118,38.761,39.09,39.09,2513790
2020-03-25,^TNX,39.071,39.272,38.926,39.08,39.08,3918211
2020-03-26,^TNX,39.157,39.601,38.993,39.562,39.562,4990801
2020-03-27,^TNX,39.531,39.635,39.44,39.496,39.496,5200929
2020-03-30,^TNX,39.485,39.722,39.246,39.721,39.721,3362480
2020-03-31,^TNX,39.701,39.883,39.346,39.424,39.424,5211825
2020-04-01,^TNX,39.355,39.484,38.722,38.754,38.754,1706709
2020-04-02,^TNX,38.839,38.933,38.57,38.77,38.77,5410204
2020-04-03,^TNX,38.821,38.866,38.611,38.639,38.639,6759014
2020-04-06,^TNX,38.654,38.737,38.592,38.652,38.652,2404216
2020-04-07,^TNX,38.73,38.926,38.479,38.907,38.907,4172932
2020-04-08,^TNX,38.979,39.38,38.959,39.218,39.218,4084467
2020-04-09,^TNX,39.242,39.307,39.034,39.118,39.118,7004584
2020-04-10,^TNX,39.1,39.53,39.038,39.444,39.444,5241411
2020-04-13,^TNX,39.443,39.592,39.113,39.197,39.197,3659726
2020-04-14,^TNX,39.24,39.704,38.964,39.507,39.507,5302562
2020-04-15,^TNX,39.602,39.659,39.312,39.552,39.552,6576239
2020-04-16,^TNX,39.553,39.654,39.371,39.388,39.388,5397516
2020-04-17,^TNX,39.445,39.515,38.897,38.99,38.99,3576985
2020-04-20,^TNX,39.038,39.487,38.951,39.312,39.312,5926490
2020-04-21,^TNX,39.194,39.267,39.139,39.255,39.255,6013593
2020-04-22,^TNX,39.152,39.491,39.074,39.488,39.488,4752098
2020-04-23,^TNX,39.597,39.86,39.544,39.731,39.731,4499880
2020-04-24,^TNX,39.703,40.254,39.65,40.197,40.197,6590010
2020-04-27,^TNX,40.124,40.195,39.834,40.003,40.003,3939965
2020-04-28,^TNX,40.121,40.283,39.833,40.021,40.021,5629344
2020-04-29,^TNX,39.911,40.073,39.811,40.034,40.034,4984126
2020-04-30,^TNX,40.133,40.228,39.884,39.884,39.884,4839426
2020-05-01,^TNX,39.938,40.212,39.911,40.099,40.099,7215640
2020-05-04,^TNX,40.121,40.554,39.823,40.435,40.435,5695209
2020-05-05,^TNX,40.36,40.412,40.187,40.195,40.195,5952921
2020-05-06,^TNX,40.256,40.564,40.009,40.035,40.035,5681774
2020-05-07,^TNX,39.974,40.24,39.972,40.238,40.238,4161385
2020-05-08,^TNX,40.282,40.317,39.825,39.876,39.876,5157599
2020-05-11,^TNX,39.891,40.051,39.885,39.944,39.944,6821579
2020-05-12,^TNX,39.961,40.074,39.803,39.89,39.89,4843498
2020-05-13,^TNX,39.814,39.841,39.582,39.597,39.597,4769043
2020-05-14,^TNX,39.492,39.771,39.389,39.728,39.728,3782469
2020-05-15,^TNX,39.708,40.319,39.548,40.058,40.058,1935196
2020-05-18,^TNX,40.105,40.355,40.062,40.319,40.319,3097890
2020-05-19,^TNX,40.288,40.595,40.222,40.518,40.518,4612015
2020-05-20,^TNX,40.398,40.788,40.199,40.513,40.513,6288100
2020-05-21,^TNX,40.546,40.662,40.023,40.041,40.041,6441273
2020-05-22,^TNX,40.049,40.151,39.822,39.841,39.841,5820293
2020-05-25,^TNX,39.846,40.041,39.637,39.717,39.717,4264155
2020-05-26,^TNX,39.71,39.916,39.203,39.253,39.253,2216023
2020-05-27,^TNX,39.151,39.527,39.023,39.474,39.474,4919803
2020-05-28,^TNX,39.418,39.599,39.276,39.545,39.545,4219437
2020-05-29,^TNX,39.534,39.58,39.128,39.208,39.208,2737031
2020-06-01,^TNX,39.268,39.294,38.975,39.036,39.036,4653485
2020-06-02,^TNX,39.055,39.221,39.002,39.203,39.203,7135580
2020-06-03,^TNX,39.217,39.27,39.174,39.26,39.26,4996760
2020-06-04,^TNX,39.426,39.594,38.885,39.06,39.06,4718570
2020-06-05,^TNX,39.083,39.154,38.905,39.035,39.035,6699331
2020-06-08,^TNX,38.974,39.653,38.956,39.528,39.528,5803976
2020-06-09,^TNX,39.544,39.58,39.308,39.419,39.419,2970381
2020-06-10,^TNX,39.212,39.85,39.193,39.607,39.607,3401302
2020-06-11,^TNX,39.602,39.7,39.253,39.369,39.369,6507744
2020-06-12,^TNX,39.353,39.469,39.336,39.449,39.449,2730866
2020-06-15,^TNX,39.325,39.615,39.216,39.563,39.563,5661453
2020-06-16,^TNX,39.44,39.876,39.146,39.823,39.823,4689057
2020-06-17,^TNX,39.881,39.944,39.807,39.929,39.929,4995228
2020-06-18,^TNX,39.906,39.947,39.47,39.521,39.521,6643852
2020-06-19,^TNX,39.477,39.576,39.079,39.088,39.088,4556217
2020-06-22,^TNX,39.133,39.228,39.025,39.211,39.211,5914426
2020-06-23,^TNX,39.233,39.429,38.932,38.976,38.976,3292329
2020-06-24,^TNX,39.035,39.299,38.869,39.055,39.055,3910283
2020-06-25,^TNX,39.009,39.286,38.943,39.241,39.241,6951300
2020-06-26,^TNX,39.251,39.278,39.062,39.084,39.084,4258916
2020-06-29,^TNX,39.245,39.334,38.409,38.418,38.418,8013274
2020-06-30,^TNX,38.45,38.595,38.088,38.386,38.386,4032482
2020-07-01,^TNX,38.361,38.388,38.261,38.35,38.35,1562736
2020-07-02,^TNX,38.411,38.818,38.377,38.759,38.759,2923157
2020-07-03,^TNX,38.81,39.295,38.768,39.23,39.23,4132222
2020-07-06,^TNX,39.382,39.432,39.221,39.407,39.407,4915737
2020-07-07,^TNX,39.392,39.512,39.14,39.184,39.184,1817505
2020-07-08,^TNX,39.205,39.342,38.962,39.109,39.109,5636656
2020-07-09,^TNX,39.18,39.637,39.037,39.267,39.267,4853407
2020-07-10,^TNX,39.302,39.433,39.158,39.24,39.24,4151934
2020-07-13,^TNX,39.215,39.252,39.039,39.094,39.094,7752228
2020-07-14,^TNX,39.195,39.28,38.561,38.616,38.616,5197654
2020-07-15,^TNX,38.457,38.487,38.412,38.421,38.421,4936145
2020-07-16,^TNX,38.429,38.744,38.335,38.532,38.532,1807684
2020-07-17,^TNX,38.557,38.583,38.45,38.484,38.484,7902729
2020-07-20,^TNX,38.388,38.866,38.321,38.824,38.824,4318208
2020-07-21,^TNX,38.857,39.424,38.766,39.197,39.197,5629221
2020-07-22,^TNX,39.172,39.962,39.154,39.799,39.799,4773044
2020-07-23,^TNX,39.74,40.202,39.62,40.048,40.048,4676587
2020-07-24,^TNX,40.016,40.203,39.663,39.692,39.692,5733461
2020-07-27,^TNX,39.832,40.151,39.821,40.019,40.019,2945424
2020-07-28,^TNX,40.062,40.282,39.634,39.837,39.837,7187994
2020-07-29,^TNX,39.669,39.902,39.588,39.861,39.861,6031402
2020-07-30,^TNX,39.895,40.275,39.529,40.26,40.26,5307739
2020-07-31,^TNX,40.267,40.307,40.006,40.093,40.093,7379923
2020-08-03,^TNX,40.051,40.161,40.015,40.147,40.147,3279160
2020-08-04,^TNX,40.134,40.259,40.007,40.218,40.218,4874828
2020-08-05,^TNX,40.142,40.506,40.025,40.256,40.256,6543934
2020-08-06,^TNX,40.288,40.607,40.189,40.423,40.423,5994259
2020-08-07,^TNX,40.377,40.456,40.339,40.42,40.42,6094680
2020-08-10,^TNX,40.396,40.41,40.177,40.336,40.336,3004488
2020-08-11,^TNX,40.253,40.378,40.009,40.062,40.062,2207539
2020-08-12,^TNX,40.181,40.334,40.149,40.23,40.23,5583047
2020-08-13,^TNX,40.035,40.19,39.86,39.973,39.973,5016694
2020-08-14,^TNX,39.947,39.973,39.873,39.887,39.887,3965542
2020-08-17,^TNX,39.642,40.262,39.548,40.143,40.143,6238104
2020-08-18,^TNX,40.161,40.213,39.87,39.884,39.884,4205823
2020-08-19,^TNX,39.796,40.14,39.672,40.12,40.12,5114938
2020-08-20,^TNX,40.151,40.216,39.61,39.684,39.684,5765753
2020-08-21,^TNX,39.624,39.645,39.314,39.429,39.429,7249987
2020-08-24,^TNX,39.578,39.712,39.165,39.495,39.495,6286356
2020-08-25,^TNX,39.62,39.886,39.614,39.694,39.694,5927216
2020-08-26,^TNX,39.632,39.922,39.587,39.906,39.906,4488027
2020-08-27,^TNX,40.006,40.112,39.95,40.07,40.07,6599179
2020-08-28,^TNX,40.118,40.145,39.871,40.138,40.138,1383444
2020-08-31,^TNX,40.159,40.658,40.09,40.532,40.532,3330189
2020-09-01,^TNX,40.458,40.569,40.216,40.298,40.298,4929338
2020-09-02,^TNX,40.275,40.65,40.185,40.57,40.57,5406387
2020-09-03,^TNX,40.599,40.68,40.211,40.404,40.404,4148011
2020-09-04,^TNX,40.502,40.52,40.125,40.236,40.236,7017870
2020-09-07,^TNX,40.163,40.389,40.139,40.349,40.349,5501209
2020-09-08,^TNX,40.366,40.455,39.849,39.972,39.972,5806540
2020-09-09,^TNX,39.859,40.426,39.59,40.162,40.162,4919663
2020-09-10,^TNX,40.228,40.26,39.774,39.784,39.784,7874789
2020-09-11,^TNX,39.823,39.854,39.502,39.67,39.67,6352053
2020-09-14,^TNX,39.697,40.002,39.649,39.876,39.876,5430858
2020-09-15,^TNX,39.903,39.946,39.884,39.886,39.886,9461184
2020-09-16,^TNX,39.842,40.06,39.548,39.664,39.664,4368178
2020-09-17,^TNX,39.706,39.78,39.444,39.478,39.478,5607067
2020-09-18,^TNX,39.504,39.865,39.423,39.808,39.808,3800596
2020-09-21,^TNX,39.771,39.803,39.554,39.648,39.648,2748188
2020-09-22,^TNX,39.599,39.623,39.461,39.473,39.473,4577599
2020-09-23,^TNX,39.557,39.598,39.131,39.175,39.175,6192008
2020-09-24,^TNX,39.133,39.135,38.821,39.054,39.054,2459008
2020-09-25,^TNX,39.101,39.258,38.958,39.058,39.058,5724929
2020-09-28,^TNX,39.005,39.217,38.895,39.177,39.177,3420512
2020-09-29,^TNX,39.128,39.128,38.769,38.917,38.917,5575567
2020-09-30,^TNX,38.969,38.979,38.65,38.697,38.697,3082332
2020-10-01,^TNX,38.847,38.936,38.538,38.583,38.583,5735253
2020-10-02,^TNX,38.6,38.735,38.396,38.435,38.435,1996001
2020-10-05,^TNX,38.435,38.618,38.415,38.499,38.499,6116211
2020-10-06,^TNX,38.553,38.662,38.302,38.417,38.417,4890188
2020-10-07,^TNX,38.354,38.732,38.156,38.7,38.7,3319234
2020-10-08,^TNX,38.715,38.795,38.687,38.75,38.75,4101346
2020-10-09,^TNX,38.712,38.819,38.635,38.756,38.756,5895865
2020-10-12,^TNX,38.643,39.178,38.348,39.1,39.1,5028202
2020-10-13,^TNX,39.232,39.377,38.862,38.88,38.88,2752256
2020-10-14,^TNX,38.854,39.042,38.707,39.018,39.018,5123317
2020-10-15,^TNX,38.965,39.362,38.854,39.21,39.21,3951355
2020-10-16,^TNX,39.18,39.233,39.098,39.137,39.137,3224511
2020-10-19,^TNX,39.061,39.143,39.002,39.107,39.107,5819064
2020-10-20,^TNX,39.083,39.28,38.925,39.268,39.268,5495955
2020-10-21,^TNX,39.052,39.553,38.824,39.38,39.38,1512551
2020-10-22,^TNX,39.402,39.417,39.125,39.406,39.406,7603514
2020-10-23,^TNX,39.274,39.425,39.067,39.292,39.292,5869573
2020-10-26,^TNX,39.138,39.189,38.772,38.845,38.845,5194048
2020-10-27,^TNX,38.943,38.98,38.845,38.866,38.866,3349468
2020-10-28,^TNX,38.916,38.947,38.487,38.603,38.603,4857622
2020-10-29,^TNX,38.501,38.703,38.425,38.695,38.695,4542255
2020-10-30,^TNX,38.783,38.897,38.483,38.612,38.612,6430533
2020-11-02,^TNX,38.647,39.064,38.643,38.977,38.977,6907493
2020-11-03,^TNX,38.968,38.998,38.967,38.986,38.986,7189523
2020-11-04,^TNX,38.975,39.105,38.812,38.834,38.834,7337747
2020-11-05,^TNX,38.758,39.264,38.666,39.119,39.119,5545514
2020-11-06,^TNX,39.084,39.246,38.973,39.217,39.217,5025543
2020-11-09,^TNX,39.393,39.553,38.562,38.617,38.617,3833410
2020-11-10,^TNX,38.608,39.099,38.392,38.943,38.943,3761755
2020-11-11,^TNX,38.886,39.25,38.741,39.212,39.212,2059093
2020-11-12,^TNX,39.252,39.455,39.042,39.085,39.085,4293453
2020-11-13,^TNX,39.104,39.158,38.857,39.023,39.023,4148533
2020-11-16,^TNX,38.943,39.373,38.854,39.286,39.286,3684734
2020-11-17,^TNX,39.256,39.313,38.958,39.087,39.087,3249592
2020-11-18,^TNX,38.996,39.041,38.801,38.889,38.889,5207085
2020-11-19,^TNX,39.03,39.075,39.027,39.036,39.036,5854158
2020-11-20,^TNX,39.077,39.276,38.921,39.117,39.117,5778663
2020-11-23,^TNX,39.038,39.574,39.008,39.454,39.454,7037854
2020-11-24,^TNX,39.454,39.604,39.347,39.59,39.59,2342507
2020-11-25,^TNX,39.708,39.733,39.176,39.538,39.538,6794774
2020-11-26,^TNX,39.561,39.797,39.524,39.765,39.765,6653288
2020-11-27,^TNX,39.767,39.804,39.229,39.254,39.254,5184994
2020-11-30,^TNX,39.278,39.483,39.021,39.129,39.129,4315591
2020-12-01,^TNX,39.047,39.181,38.652,38.861,38.861,1933622
2020-12-02,^TNX,38.901,38.98,38.871,38.916,38.916,5218058
2020-12-03,^TNX,38.819,39.177,38.78,38.978,38.978,5588551
2020-12-04,^TNX,39.007,39.131,38.752,38.885,38.885,3958874
2020-12-07,^TNX,38.996,39.295,38.488,38.661,38.661,5066663
2020-12-08,^TNX,38.65,38.754,38.581,38.685,38.685,4920577
2020-12-09,^TNX,38.731,38.758,38.374,38.588,38.588,3881967
2020-12-10,^TNX,38.538,38.649,38.299,38.47,38.47,8109262
2020-12-11,^TNX,38.5,38.799,38.345,38.652,38.652,920631
2020-12-14,^TNX,38.575,38.983,38.473,38.823,38.823,2910999
2020-12-15,^TNX,38.628,38.697,38.277,38.366,38.366,6403150
2020-12-16,^TNX,38.377,38.382,37.877,37.963,37.963,5765939
2020-12-17,^TNX,38.011,38.066,37.634,37.916,37.916,3725905
2020-12-18,^TNX,37.89,38.236,37.847,38.153,38.153,8547767
2020-12-21,^TNX,38.099,38.286,38.097,38.101,38.101,3335901
2020-12-22,^TNX,38.092,38.5,37.909,38.449,38.449,5347102
2020-12-23,^TNX,38.485,38.588,38.216,38.577,38.577,3630612
2020-12-24,^TNX,38.692,38.782,38.309,38.421,38.421,4584928
2020-12-25,^TNX,38.491,38.919,38.47,38.843,38.843,5392721
2020-12-28,^TNX,38.892,38.926,38.454,38.626,38.626,3903850
2020-12-29,^TNX,38.563,38.723,38.399,38.547,38.547,4725067
2020-12-30,^TNX,38.499,38.604,38.401,38.568,38.568,5395684
2020-12-31,^TNX,38.374,38.937,38.367,38.785,38.785,6042156
2021-01-01,^TNX,38.772,38.867,38.475,38.696,38.696,4024954
2021-01-04,^TNX,38.712,38.92,38.286,38.298,38.298,4925656
2021-01-05,^TNX,38.431,38.594,38.333,38.401,38.401,7583793
2021-01-06,^TNX,38.174,38.788,38.118,38.549,38.549,8448203
2021-01-07,^TNX,38.522,38.649,38.433,38.594,38.594,1429553
2021-01-08,^TNX,38.484,38.516,38.131,38.447,38.447,3976923
2021-01-11,^TNX,38.436,38.647,38.112,38.136,38.136,5384573
2021-01-12,^TNX,38.079,38.288,37.844,38.013,38.013,5373644
2021-01-13,^TNX,38.186,38.215,37.527,37.588,37.588,2115763
2021-01-14,^TNX,37.689,37.715,37.638,37.684,37.684,3764148
2021-01-15,^TNX,37.698,37.898,37.668,37.712,37.712,6075070
2021-01-18,^TNX,37.72,37.831,37.534,37.659,37.659,9898619
2021-01-19,^TNX,37.483,37.9,37.412,37.836,37.836,6611476
2021-01-20,^TNX,37.837,38.093,37.8,37.897,37.897,6488344
2021-01-21,^TNX,37.864,37.943,37.645,37.821,37.821,4130208
2021-01-22,^TNX,37.874,37.929,37.85,37.857,37.857,3603594
2021-01-25,^TNX,37.801,37.835,37.771,37.827,37.827,5247191
2021-01-26,^TNX,37.743,37.92,37.631,37.86,37.86,7279285
2021-01-27,^TNX,37.945,37.977,37.394,37.495,37.495,3390925
2021-01-28,^TNX,37.444,37.466,37.374,37.386,37.386,4446239
2021-01-29,^TNX,37.402,37.507,37.051,37.17,37.17,4273317
2021-02-01,^TNX,37.214,37.294,37.088,37.242,37.242,4662036
2021-02-02,^TNX,37.387,37.621,37.382,37.46,37.46,5693193
2021-02-03,^TNX,37.463,37.811,37.426,37.736,37.736,5062441
2021-02-04,^TNX,37.757,37.848,37.691,37.832,37.832,3496315
2021-02-05,^TNX,37.903,38.015,37.803,37.889,37.889,3840169
2021-02-08,^TNX,37.981,38.019,37.779,37.79,37.79,4755207
2021-02-09,^TNX,37.721,37.816,37.611,37.673,37.673,4193607
2021-02-10,^TNX,37.685,37.943,37.537,37.84,37.84,5752630
2021-02-11,^TNX,37.947,37.975,37.751,37.916,37.916,6519703
2021-02-12,^TNX,37.804,38.129,37.655,38.005,38.005,8615704
2021-02-15,^TNX,38.051,38.287,38.051,38.169,38.169,5750101
2021-02-16,^TNX,37.912,38.395,37.777,38.323,38.323,2615428
2021-02-17,^TNX,38.318,38.433,38.029,38.322,38.322,6642920
2021-02-18,^TNX,38.281,38.651,38.254,38.629,38.629,3220533
2021-02-19,^TNX,38.67,38.791,38.151,38.163,38.163,4043921
2021-02-22,^TNX,38.183,38.841,37.99,38.616,38.616,6213766
2021-02-23,^TNX,38.61,38.735,38.564,38.698,38.698,4668839
2021-02-24,^TNX,38.77,38.851,38.392,38.487,38.487,4383042
2021-02-25,^TNX,38.441,38.47,38.208,38.363,38.363,1677612
2021-02-26,^TNX,38.281,38.45,37.966,38.028,38.028,4265787
2021-03-01,^TNX,37.9,38.073,37.585,37.784,37.784,4328152
2021-03-02,^TNX,37.792,37.903,37.712,37.8,37.8,3905869
2021-03-03,^TNX,37.964,38.219,37.283,37.443,37.443,4415054
2021-03-04,^TNX,37.493,37.858,37.316,37.657,37.657,3219114
2021-03-05,^TNX,37.669,37.848,37.666,37.833,37.833,2874292
2021-03-08,^TNX,37.678,37.833,37.267,37.333,37.333,3862820
2021-03-09,^TNX,37.413,37.471,36.767,37.096,37.096,5696825
2021-03-10,^TNX,37.203,37.208,36.883,36.887,36.887,1848333
2021-03-11,^TNX,36.845,37.048,36.754,36.957,36.957,5923787
2021-03-12,^TNX,36.873,36.948,36.63,36.727,36.727,5873720
2021-03-15,^TNX,36.614,36.758,36.376,36.434,36.434,6770790
2021-03-16,^TNX,36.318,37.192,36.216,36.877,36.877,4124747
2021-03-17,^TNX,36.898,36.943,36.833,36.856,36.856,4923846
2021-03-18,^TNX,36.925,36.943,36.204,36.418,36.418,6809286
2021-03-19,^TNX,36.443,36.457,36.136,36.17,36.17,3723980
2021-03-22,^TNX,36.284,36.357,35.862,35.926,35.926,2455257
2021-03-23,^TNX,35.924,36.093,35.735,35.798,35.798,4977836
2021-03-24,^TNX,35.773,36.273,35.761,36.183,36.183,4252966
2021-03-25,^TNX,36.158,36.286,36.067,36.101,36.101,5204879
2021-03-26,^TNX,36.093,36.133,36.016,36.115,36.115,3536680
2021-03-29,^TNX,36.274,36.504,36.077,36.459,36.459,4227187
2021-03-30,^TNX,36.503,36.732,36.393,36.729,36.729,5544790
2021-03-31,^TNX,36.787,36.908,36.429,36.461,36.461,5124273
2021-04-01,^TNX,36.575,36.67,36.262,36.289,36.289,4780411
2021-04-02,^TNX,36.233,36.35,36.041,36.287,36.287,1651852
2021-04-05,^TNX,36.455,36.502,36.276,36.434,36.434,3478693
2021-04-06,^TNX,36.364,36.409,35.979,36.116,36.116,3202855
2021-04-07,^TNX,36.172,36.521,35.925,36.427,36.427,9038203
2021-04-08,^TNX,36.535,36.584,36.271,36.353,36.353,4589534
2021-04-09,^TNX,36.368,36.407,36.085,36.181,36.181,3911718
2021-04-12,^TNX,36.223,36.238,36.125,36.22,36.22,5657365
2021-04-13,^TNX,36.192,36.581,36.138,36.489,36.489,2474636
2021-04-14,^TNX,36.455,36.861,36.386,36.748,36.748,5425014
2021-04-15,^TNX,36.764,36.95,36.756,36.805,36.805,7018594
2021-04-16,^TNX,36.783,36.868,36.712,36.719,36.719,6457764
2021-04-19,^TNX,36.712,36.771,36.689,36.761,36.761,3945561
2021-04-20,^TNX,36.783,36.848,36.756,36.83,36.83,7720786
2021-04-21,^TNX,36.878,37.016,36.674,36.793,36.793,7570136
2021-04-22,^TNX,36.805,36.92,36.762,36.809,36.809,2041972
2021-04-23,^TNX,36.726,36.922,36.486,36.741,36.741,5002520
2021-04-26,^TNX,36.732,36.889,36.494,36.527,36.527,4131683
2021-04-27,^TNX,36.476,36.809,36.363,36.69,36.69,3709864
2021-04-28,^TNX,36.712,37.044,36.586,36.959,36.959,4036999
2021-04-29,^TNX,37.01,37.44,36.958,37.321,37.321,3631595
2021-04-30,^TNX,37.358,37.613,37.18,37.593,37.593,6851651
2021-05-03,^TNX,37.605,38.183,37.566,37.993,37.993,5116142
2021-05-04,^TNX,38.026,38.031,37.639,37.723,37.723,5201322
2021-05-05,^TNX,37.675,37.943,37.577,37.803,37.803,7119424
2021-05-06,^TNX,37.924,38.521,37.869,38.391,38.391,4483161
2021-05-07,^TNX,38.48,38.597,37.792,37.825,37.825,5344458
2021-05-10,^TNX,37.77,37.972,37.292,37.338,37.338,3534996
2021-05-11,^TNX,37.327,37.38,37.293,37.355,37.355,5373575
2021-05-12,^TNX,37.389,37.771,37.242,37.66,37.66,8295991
2021-05-13,^TNX,37.693,37.98,37.589,37.827,37.827,5858630
2021-05-14,^TNX,37.828,38.191,37.746,37.977,37.977,4190262
2021-05-17,^TNX,37.892,37.966,37.748,37.847,37.847,4300520
2021-05-18,^TNX,37.926,38.04,37.775,37.851,37.851,4646827
2021-05-19,^TNX,37.888,38.008,37.831,37.964,37.964,6067576
2021-05-20,^TNX,37.942,38.285,37.835,38.245,38.245,3917360
2021-05-21,^TNX,38.216,38.382,38.16,38.333,38.333,5272559
2021-05-24,^TNX,38.256,38.974,38.253,38.812,38.812,5015708
2021-05-25,^TNX,38.687,39.203,38.608,39.041,39.041,6469636
2021-05-26,^TNX,39.047,39.386,38.824,39.19,39.19,4319852
2021-05-27,^TNX,39.313,39.692,39.207,39.514,39.514,7460776
2021-05-28,^TNX,39.59,39.68,39.227,39.418,39.418,5766605
2021-05-31,^TNX,39.436,39.544,38.84,39.022,39.022,3448933
2021-06-01,^TNX,39.098,39.281,38.872,39.246,39.246,3321799
2021-06-02,^TNX,39.247,39.577,39.134,39.404,39.404,3888728
2021-06-03,^TNX,39.289,39.296,38.797,38.938,38.938,4028791
2021-06-04,^TNX,38.782,39.178,38.777,39.073,39.073,3641435
2021-06-07,^TNX,39.157,39.269,39.033,39.2,39.2,6376471
2021-06-08,^TNX,39.116,39.237,39.098,39.184,39.184,6212820
2021-06-09,^TNX,39.246,39.333,39.154,39.179,39.179,4784346
2021-06-10,^TNX,39.171,39.268,39.044,39.193,39.193,5571896
2021-06-11,^TNX,39.228,39.44,38.807,38.863,38.863,4999685
2021-06-14,^TNX,38.858,39.123,38.775,39.036,39.036,6395055
2021-06-15,^TNX,39.161,39.174,38.799,38.837,38.837,4970449
2021-06-16,^TNX,38.85,39.061,38.776,38.996,38.996,3594731
2021-06-17,^TNX,38.974,39.231,38.97,39.075,39.075,6657823
2021-06-18,^TNX,39.145,39.467,38.912,39.028,39.028,5363975
2021-06-21,^TNX,39.117,39.271,39.034,39.083,39.083,6539805
2021-06-22,^TNX,39.108,39.292,38.54,38.776,38.776,2822686
2021-06-23,^TNX,38.733,38.796,38.682,38.732,38.732,5968344
2021-06-24,^TNX,38.579,39.262,38.551,39.141,39.141,7136581
2021-06-25,^TNX,39.175,39.203,38.836,39.019,39.019,3515577
2021-06-28,^TNX,38.978,39.431,38.908,39.253,39.253,5232443
2021-06-29,^TNX,39.222,40.005,39.213,39.954,39.954,4181405
2021-06-30,^TNX,39.99,40.477,39.989,40.322,40.322,7208279
2021-07-01,^TNX,40.357,40.754,40.109,40.666,40.666,3209820
2021-07-02,^TNX,40.821,41.006,40.741,40.963,40.963,3511142
2021-07-05,^TNX,40.959,41.337,40.49,40.667,40.667,5399613
2021-07-06,^TNX,40.573,40.71,40.33,40.482,40.482,3531020
2021-07-07,^TNX,40.554,40.945,40.452,40.624,40.624,3946226
2021-07-08,^TNX,40.755,41.12,40.589,41.026,41.026,6787390
2021-07-09,^TNX,41.043,41.485,40.713,41.305,41.305,2597110
2021-07-12,^TNX,41.158,41.254,40.797,41.185,41.185,4383642
2021-07-13,^TNX,41.103,41.268,40.64,40.907,40.907,7829244
2021-07-14,^TNX,40.937,41.106,40.613,40.674,40.674,6594260
2021-07-15,^TNX,40.842,40.893,40.369,40.604,40.604,2945398
2021-07-16,^TNX,40.676,40.768,40.485,40.58,40.58,5554994
2021-07-19,^TNX,40.66,40.945,40.655,40.93,40.93,5678693
2021-07-20,^TNX,40.955,41.111,40.8,40.933,40.933,6449152
2021-07-21,^TNX,40.762,40.813,40.598,40.684,40.684,5360085
2021-07-22,^TNX,40.702,40.895,40.293,40.347,40.347,4708908
2021-07-23,^TNX,40.321,40.444,40.042,40.121,40.121,4544963
2021-07-26,^TNX,39.973,40.019,39.877,39.947,39.947,6342988
2021-07-27,^TNX,39.984,40.132,39.643,39.678,39.678,3005893
2021-07-28,^TNX,39.706,39.871,39.654,39.726,39.726,5626592
2021-07-29,^TNX,39.706,40.095,39.633,40.073,40.073,1687186
2021-07-30,^TNX,40.078,40.683,40.036,40.616,40.616,3775922
2021-08-02,^TNX,40.694,41.13,40.568,40.945,40.945,5191097
2021-08-03,^TNX,40.807,41.072,40.649,40.969,40.969,7137839
2021-08-04,^TNX,40.959,41.072,40.831,41.009,41.009,2600384
2021-08-05,^TNX,40.907,41.228,40.865,41.188,41.188,5039263
2021-08-06,^TNX,41.235,41.348,40.896,40.918,40.918,5200204
2021-08-09,^TNX,40.761,41.041,40.602,41.009,41.009,5225132
2021-08-10,^TNX,41.042,41.109,40.968,41.108,41.108,4520911
2021-08-11,^TNX,41.082,41.36,40.933,41.331,41.331,6620490
2021-08-12,^TNX,41.28,41.298,40.849,41.003,41.003,4102063
2021-08-13,^TNX,41.071,41.132,40.982,41.105,41.105,6022655
2021-08-16,^TNX,41.205,41.487,41.201,41.214,41.214,4439631
2021-08-17,^TNX,41.296,41.952,41.294,41.877,41.877,4402099
2021-08-18,^TNX,41.876,42.03,41.565,41.667,41.667,6305199
2021-08-19,^TNX,41.833,41.995,41.304,41.378,41.378,5520449
2021-08-20,^TNX,41.354,41.5,41.247,41.274,41.274,4781555
2021-08-23,^TNX,41.344,41.577,40.934,41.564,41.564,6555900
2021-08-24,^TNX,41.549,41.949,41.498,41.778,41.778,5176894
2021-08-25,^TNX,41.664,41.682,41.419,41.555,41.555,3502149
2021-08-26,^TNX,41.586,41.657,41.179,41.225,41.225,3486328
2021-08-27,^TNX,41.186,41.301,41.056,41.086,41.086,4664463
2021-08-30,^TNX,41.125,41.529,40.991,41.226,41.226,5787532
2021-08-31,^TNX,41.338,41.625,41.276,41.46,41.46,2682754
2021-09-01,^TNX,41.55,41.607,41.121,41.278,41.278,4816022
2021-09-02,^TNX,41.367,41.642,41.196,41.31,41.31,5046456
2021-09-03,^TNX,41.457,41.492,41.056,41.186,41.186,4842096
2021-09-06,^TNX,41.137,41.331,40.97,41.038,41.038,6789635
2021-09-07,^TNX,40.996,41.328,40.802,41.203,41.203,3312319
2021-09-08,^TNX,41.296,41.696,41.207,41.69,41.69,7352837
2021-09-09,^TNX,41.76,41.979,41.637,41.685,41.685,5927241
2021-09-10,^TNX,41.626,41.932,41.456,41.758,41.758,5371859
2021-09-13,^TNX,41.69,41.719,41.559,41.692,41.692,6759112
2021-09-14,^TNX,41.702,41.743,41.448,41.615,41.615,3973520
2021-09-15,^TNX,41.745,41.813,41.389,41.77,41.77,4176173
2021-09-16,^TNX,41.691,41.918,41.566,41.75,41.75,4488902
2021-09-17,^TNX,41.693,41.799,41.566,41.732,41.732,2652034
2021-09-20,^TNX,41.677,41.912,41.663,41.879,41.879,4512974
2021-09-21,^TNX,41.718,41.876,41.602,41.853,41.853,4246124
2021-09-22,^TNX,41.972,42.106,41.437,41.488,41.488,3923904
2021-09-23,^TNX,41.557,41.793,41.496,41.749,41.749,2342634
2021-09-24,^TNX,41.676,41.801,41.597,41.759,41.759,4142334
2021-09-27,^TNX,41.789,41.913,41.552,41.556,41.556,4161058
2021-09-28,^TNX,41.604,41.785,41.34,41.507,41.507,4312719
2021-09-29,^TNX,41.508,41.569,41.164,41.266,41.266,4813560
2021-09-30,^TNX,41.159,41.493,41.078,41.284,41.284,3909386
2021-10-01,^TNX,41.406,41.62,41.25,41.452,41.452,4430508
2021-10-04,^TNX,41.444,41.529,41.269,41.473,41.473,4970830
2021-10-05,^TNX,41.563,41.676,41.151,41.309,41.309,5555621
2021-10-06,^TNX,41.205,41.664,41.123,41.542,41.542,7234844
2021-10-07,^TNX,41.378,41.729,41.366,41.568,41.568,6076404
2021-10-08,^TNX,41.649,41.769,41.457,41.673,41.673,6560244
2021-10-11,^TNX,41.54,41.869,41.416,41.845,41.845,7002847
2021-10-12,^TNX,41.859,41.961,41.836,41.955,41.955,4355939
2021-10-13,^TNX,41.878,41.89,41.679,41.719,41.719,3324810
2021-10-14,^TNX,41.755,41.866,41.66,41.822,41.822,3350568
2021-10-15,^TNX,41.713,42.118,41.617,41.92,41.92,5856417
2021-10-18,^TNX,41.966,42.047,41.647,41.991,41.991,5810962
2021-10-19,^TNX,42.186,42.462,42.099,42.387,42.387,7044677
2021-10-20,^TNX,42.387,42.47,42.179,42.295,42.295,5046199
2021-10-21,^TNX,42.414,42.453,42.063,42.171,42.171,2654760
2021-10-22,^TNX,42.3,42.418,41.759,41.898,41.898,5595559
2021-10-25,^TNX,41.862,41.888,41.571,41.655,41.655,5086388
2021-10-26,^TNX,41.716,42.109,41.576,41.959,41.959,5482635
2021-10-27,^TNX,41.941,42.279,41.791,42.243,42.243,5378527
2021-10-28,^TNX,42.208,42.231,42.05,42.098,42.098,4685154
2021-10-29,^TNX,42.157,42.17,41.833,42.094,42.094,6018317
2021-11-01,^TNX,42.116,42.586,42.102,42.451,42.451,4969210
2021-11-02,^TNX,42.503,42.638,42.427,42.505,42.505,5783122
2021-11-03,^TNX,42.475,42.761,42.406,42.655,42.655,3972831
2021-11-04,^TNX,42.698,43.038,42.493,42.921,42.921,2665209
2021-11-05,^TNX,43.005,43.102,42.587,42.848,42.848,6343165
2021-11-08,^TNX,42.861,42.963,42.413,42.713,42.713,2749940
2021-11-09,^TNX,42.769,43.106,42.676,42.946,42.946,6236204
2021-11-10,^TNX,42.775,43.19,42.735,43.14,43.14,3730736
2021-11-11,^TNX,43.176,43.795,43.163,43.691,43.691,4925184
2021-11-12,^TNX,43.477,43.624,43.336,43.589,43.589,2802646
2021-11-15,^TNX,43.53,43.777,43.372,43.538,43.538,2648946
2021-11-16,^TNX,43.555,43.66,43.212,43.363,43.363,4688408
2021-11-17,^TNX,43.331,43.529,43.267,43.352,43.352,5083546
2021-11-18,^TNX,43.235,43.355,43.1,43.181,43.181,2296539
2021-11-19,^TNX,43.219,43.304,42.885,43.075,43.075,4344633
2021-11-22,^TNX,43.164,43.192,43.126,43.135,43.135,3310504
2021-11-23,^TNX,43.094,43.346,43.056,43.341,43.341,854870
2021-11-24,^TNX,43.402,43.498,43.309,43.393,43.393,3703902
2021-11-25,^TNX,43.531,44.017,43.362,43.719,43.719,4533790
2021-11-26,^TNX,43.664,43.832,43.304,43.449,43.449,5404991
2021-11-29,^TNX,43.38,43.412,43.234,43.275,43.275,3499866
2021-11-30,^TNX,43.43,43.547,42.937,43.244,43.244,3750461
2021-12-01,^TNX,43.374,43.45,43.235,43.277,43.277,6335476
2021-12-02,^TNX,43.335,43.445,42.79,43.033,43.033,7665011
2021-12-03,^TNX,42.89,43.073,42.752,43.037,43.037,2309394
2021-12-06,^TNX,43.238,43.462,43.143,43.322,43.322,5918034
2021-12-07,^TNX,43.328,43.686,43.28,43.594,43.594,5238546
2021-12-08,^TNX,43.656,43.795,43.503,43.61,43.61,6363000
2021-12-09,^TNX,43.605,43.765,43.568,43.7,43.7,4122437
2021-12-10,^TNX,43.669,44.162,43.598,43.952,43.952,5703005
2021-12-13,^TNX,43.828,43.995,43.347,43.672,43.672,4300274
2021-12-14,^TNX,43.57,43.855,43.525,43.788,43.788,4829945
2021-12-15,^TNX,43.714,43.753,43.454,43.679,43.679,5000474
2021-12-16,^TNX,43.608,43.734,43.504,43.528,43.528,5005109
2021-12-17,^TNX,43.41,43.476,43.389,43.426,43.426,4291311
2021-12-20,^TNX,43.401,43.493,43.397,43.417,43.417,3050729
2021-12-21,^TNX,43.49,43.774,43.447,43.489,43.489,6268716
2021-12-22,^TNX,43.463,43.574,43.375,43.523,43.523,6928704
2021-12-23,^TNX,43.525,43.605,43.427,43.487,43.487,3153626
2021-12-24,^TNX,43.637,43.793,43.526,43.683,43.683,3046305
2021-12-27,^TNX,43.466,43.86,43.311,43.745,43.745,7810699
2021-12-28,^TNX,43.766,44.165,43.734,43.875,43.875,3046222
2021-12-29,^TNX,43.95,43.968,43.787,43.896,43.896,5321864
2021-12-30,^TNX,43.907,44.124,43.816,44.055,44.055,2980371
2021-12-31,^TNX,43.874,44.342,43.867,44.238,44.238,7191908
2022-01-03,^TNX,44.168,44.232,43.892,44.102,44.102,5459558
2022-01-04,^TNX,44.111,44.288,43.836,44.171,44.171,3002754
2022-01-05,^TNX,44.124,44.543,44.0,44.542,44.542,7018916
2022-01-06,^TNX,44.58,44.759,44.541,44.586,44.586,7427692
2022-01-07,^TNX,44.548,44.616,44.384,44.484,44.484,5295243
2022-01-10,^TNX,44.385,44.472,44.06,44.096,44.096,6731546
2022-01-11,^TNX,44.025,44.659,43.828,44.553,44.553,4963927
2022-01-12,^TNX,44.441,45.051,44.354,44.772,44.772,4222281
2022-01-13,^TNX,44.758,44.86,44.671,44.776,44.776,3793345
2022-01-14,^TNX,44.838,44.936,44.426,44.636,44.636,4496046
2022-01-17,^TNX,44.603,44.785,44.523,44.638,44.638,8180521
2022-01-18,^TNX,44.67,45.171,44.644,45.021,45.021,4882142
2022-01-19,^TNX,44.972,45.324,44.927,45.275,45.275,8221108
2022-01-20,^TNX,45.278,45.289,44.862,44.911,44.911,853708
2022-01-21,^TNX,44.917,45.026,44.698,44.723,44.723,4379103
2022-01-24,^TNX,44.57,44.681,44.363,44.451,44.451,713898
2022-01-25,^TNX,44.538,44.8,44.408,44.691,44.691,3287913
2022-01-26,^TNX,44.805,44.914,44.466,44.523,44.523,7019742
2022-01-27,^TNX,44.449,44.592,44.046,44.089,44.089,5507042
2022-01-28,^TNX,44.028,44.112,43.523,43.628,43.628,5125231
2022-01-31,^TNX,43.587,44.335,43.465,44.106,44.106,5212701
2022-02-01,^TNX,43.978,44.396,43.873,44.313,44.313,4143802
2022-02-02,^TNX,44.215,44.755,44.188,44.604,44.604,3305213
2022-02-03,^TNX,44.555,44.672,44.202,44.26,44.26,7092729
2022-02-04,^TNX,44.115,44.17,43.869,44.132,44.132,5216990
2022-02-07,^TNX,44.05,44.071,43.932,43.996,43.996,2468344
2022-02-08,^TNX,44.071,44.124,43.718,43.804,43.804,3578505
2022-02-09,^TNX,43.778,43.878,43.334,43.511,43.511,3503042
2022-02-10,^TNX,43.453,43.716,43.397,43.606,43.606,6086550
2022-02-11,^TNX,43.584,43.795,43.434,43.693,43.693,5830729
2022-02-14,^TNX,43.832,43.916,43.54,43.571,43.571,5352747
2022-02-15,^TNX,43.632,43.7,43.481,43.546,43.546,4716565
2022-02-16,^TNX,43.394,43.689,43.163,43.665,43.665,3776697
2022-02-17,^TNX,43.693,43.751,43.688,43.714,43.714,3738736
2022-02-18,^TNX,43.74,43.837,43.347,43.37,43.37,4683924
2022-02-21,^TNX,43.234,43.917,42.839,43.644,43.644,5597156
2022-02-22,^TNX,43.733,43.823,43.597,43.662,43.662,4828649
2022-02-23,^TNX,43.652,43.957,43.467,43.897,43.897,5100804
2022-02-24,^TNX,43.797,43.895,43.749,43.87,43.87,3971398
2022-02-25,^TNX,43.859,43.869,43.805,43.866,43.866,5702926
2022-02-28,^TNX,43.753,44.438,43.743,44.268,44.268,6150738
2022-03-01,^TNX,44.316,44.358,43.91,43.942,43.942,2775863
2022-03-02,^TNX,43.893,44.048,43.668,43.788,43.788,5819493
2022-03-03,^TNX,43.719,43.745,43.35,43.404,43.404,6072278
2022-03-04,^TNX,43.329,43.413,43.244,43.374,43.374,2061068
2022-03-07,^TNX,43.384,43.585,43.244,43.28,43.28,2451961
2022-03-08,^TNX,43.299,43.397,43.164,43.278,43.278,6053216
2022-03-09,^TNX,43.196,43.263,42.993,43.054,43.054,5420866
2022-03-10,^TNX,42.86,43.931,42.776,43.791,43.791,6111684
2022-03-11,^TNX,43.725,43.83,43.473,43.514,43.514,5554724
2022-03-14,^TNX,43.474,43.491,43.026,43.205,43.205,3969633
2022-03-15,^TNX,43.215,43.409,43.126,43.343,43.343,4040386
2022-03-16,^TNX,43.312,43.67,43.086,43.38,43.38,2953334
2022-03-17,^TNX,43.396,43.399,43.348,43.378,43.378,5178082
2022-03-18,^TNX,43.457,43.751,43.093,43.692,43.692,4735630
2022-03-21,^TNX,43.629,44.019,43.553,43.914,43.914,7035271
2022-03-22,^TNX,43.875,44.055,43.578,43.779,43.779,2916023
2022-03-23,^TNX,43.734,43.887,43.538,43.64,43.64,5798278
2022-03-24,^TNX,43.586,43.99,43.56,43.956,43.956,6644069
2022-03-25,^TNX,43.982,44.107,43.895,44.062,44.062,4243642
2022-03-28,^TNX,44.087,44.297,43.537,43.758,43.758,4424919
2022-03-29,^TNX,43.889,43.965,43.693,43.8,43.8,3684062
2022-03-30,^TNX,43.841,43.934,43.527,43.664,43.664,3644346
2022-03-31,^TNX,43.649,43.684,43.4,43.552,43.552,5296344
2022-04-01,^TNX,43.429,43.706,43.382,43.671,43.671,910080
2022-04-04,^TNX,43.764,44.03,43.539,43.774,43.774,2228720
2022-04-05,^TNX,43.74,43.951,43.429,43.641,43.641,8189631
2022-04-06,^TNX,43.641,43.707,43.444,43.626,43.626,3620440
2022-04-07,^TNX,43.845,43.853,43.441,43.622,43.622,3713796
2022-04-08,^TNX,43.589,43.859,43.558,43.598,43.598,3421736
2022-04-11,^TNX,43.648,43.77,43.576,43.671,43.671,6701641
2022-04-12,^TNX,43.646,43.657,43.305,43.415,43.415,4540872
2022-04-13,^TNX,43.501,43.656,43.377,43.65,43.65,6531466
2022-04-14,^TNX,43.705,43.898,43.541,43.884,43.884,6728760
2022-04-15,^TNX,43.976,44.033,42.972,43.228,43.228,1636303
2022-04-18,^TNX,43.129,43.346,42.959,43.261,43.261,5110897
2022-04-19,^TNX,43.303,43.634,43.216,43.51,43.51,4395429
2022-04-20,^TNX,43.531,43.603,42.871,43.063,43.063,3694603
2022-04-21,^TNX,43.103,43.148,42.875,43.044,43.044,5254288
2022-04-22,^TNX,42.905,43.145,42.795,43.121,43.121,4886842
2022-04-25,^TNX,43.136,43.189,42.735,42.924,42.924,5776009
2022-04-26,^TNX,42.948,43.386,42.885,43.133,43.133,1866518
2022-04-27,^TNX,43.201,43.404,43.11,43.291,43.291,5437352
2022-04-28,^TNX,43.378,43.427,42.71,42.813,42.813,6204925
2022-04-29,^TNX,42.722,43.11,42.579,43.052,43.052,4971198
2022-05-02,^TNX,42.917,43.349,42.83,43.206,43.206,3463660
2022-05-03,^TNX,43.363,43.777,43.331,43.718,43.718,5090248
2022-05-04,^TNX,43.657,43.979,43.633,43.908,43.908,5930105
2022-05-05,^TNX,44.024,44.528,43.984,44.421,44.421,7031650
2022-05-06,^TNX,44.553,45.017,44.499,44.915,44.915,3515148
2022-05-09,^TNX,44.993,45.573,44.895,45.399,45.399,4762456
2022-05-10,^TNX,45.509,46.14,45.413,45.996,45.996,4633156
2022-05-11,^TNX,45.972,46.09,45.91,45.964,45.964,4227173
2022-05-12,^TNX,45.975,46.137,45.806,46.049,46.049,4261176
2022-05-13,^TNX,46.123,46.768,46.008,46.595,46.595,5861189
2022-05-16,^TNX,46.544,46.646,45.913,46.105,46.105,7778203
2022-05-17,^TNX,46.038,46.304,45.886,46.273,46.273,3995767
2022-05-18,^TNX,46.236,46.329,46.161,46.173,46.173,5102511
2022-05-19,^TNX,46.003,46.335,45.933,46.289,46.289,4929582
2022-05-20,^TNX,46.347,46.542,45.528,45.783,45.783,4617640
2022-05-23,^TNX,45.776,45.805,45.477,45.741,45.741,2124160
2022-05-24,^TNX,45.88,45.985,45.231,45.402,45.402,3265502
2022-05-25,^TNX,45.441,45.536,45.299,45.506,45.506,4722271
2022-05-26,^TNX,45.662,46.239,45.457,46.19,46.19,6036109
2022-05-27,^TNX,46.282,46.334,45.979,46.116,46.116,6142390
2022-05-30,^TNX,46.164,46.216,45.811,45.919,45.919,4247104
2022-05-31,^TNX,46.034,46.195,46.014,46.059,46.059,8264176
2022-06-01,^TNX,45.936,46.808,45.772,46.619,46.619,4076169
2022-06-02,^TNX,46.717,47.003,46.711,46.816,46.816,6223804
2022-06-03,^TNX,46.811,46.84,46.728,46.82,46.82,3667400
2022-06-06,^TNX,46.713,46.745,46.39,46.655,46.655,4973245
2022-06-07,^TNX,46.545,47.381,46.448,47.248,47.248,4082806
2022-06-08,^TNX,47.326,47.451,47.015,47.32,47.32,6159442
2022-06-09,^TNX,47.343,47.386,47.29,47.334,47.334,5648964
2022-06-10,^TNX,47.291,47.595,47.023,47.518,47.518,4437617
2022-06-13,^TNX,47.311,47.734,47.273,47.549,47.549,7051973
2022-06-14,^TNX,47.542,47.677,47.385,47.452,47.452,5757190
2022-06-15,^TNX,47.502,47.805,47.324,47.523,47.523,5048254
2022-06-16,^TNX,47.42,47.606,47.258,47.395,47.395,7333037
2022-06-17,^TNX,47.339,47.822,47.321,47.742,47.742,4487441
2022-06-20,^TNX,47.648,47.951,47.595,47.933,47.933,7755642
2022-06-21,^TNX,48.036,48.236,47.856,48.16,48.16,3207901
2022-06-22,^TNX,48.161,48.257,47.992,48.133,48.133,5230166
2022-06-23,^TNX,48.093,48.457,47.913,48.363,48.363,6701468
2022-06-24,^TNX,48.251,48.52,48.141,48.447,48.447,3220639
2022-06-27,^TNX,48.626,48.735,48.35,48.353,48.353,6777029
2022-06-28,^TNX,48.288,48.92,48.058,48.663,48.663,2293925
2022-06-29,^TNX,48.746,48.975,48.601,48.72,48.72,5773561
2022-06-30,^TNX,48.814,48.992,48.692,48.974,48.974,5902001
2022-07-01,^TNX,48.942,49.065,48.856,48.943,48.943,5777373
2022-07-04,^TNX,49.002,49.044,48.824,48.932,48.932,4766417
2022-07-05,^TNX,48.928,49.403,48.826,49.389,49.389,5066543
2022-07-06,^TNX,49.297,49.639,49.105,49.573,49.573,4668881
2022-07-07,^TNX,49.493,49.714,49.282,49.664,49.664,2461232
2022-07-08,^TNX,49.652,49.984,49.301,49.784,49.784,5759185
2022-07-11,^TNX,49.904,49.979,49.036,49.204,49.204,5806873
2022-07-12,^TNX,49.17,49.362,49.08,49.349,49.349,4989001
2022-07-13,^TNX,49.36,49.489,48.809,49.087,49.087,4255133
2022-07-14,^TNX,49.178,49.769,49.045,49.605,49.605,6524740
2022-07-15,^TNX,49.712,49.751,49.284,49.342,49.342,6289403
2022-07-18,^TNX,49.222,49.737,49.118,49.694,49.694,7838264
2022-07-19,^TNX,49.961,50.053,49.468,49.643,49.643,4232330
2022-07-20,^TNX,49.741,49.957,49.373,49.425,49.425,2662011
2022-07-21,^TNX,49.394,49.533,49.151,49.487,49.487,4024273
2022-07-22,^TNX,49.528,49.68,49.156,49.197,49.197,4915291
2022-07-25,^TNX,49.331,49.439,48.827,48.926,48.926,5668880
2022-07-26,^TNX,48.854,49.31,48.825,49.267,49.267,4197741
2022-07-27,^TNX,49.243,49.384,49.056,49.067,49.067,4844783
2022-07-28,^TNX,49.013,49.027,48.601,48.802,48.802,6806723
2022-07-29,^TNX,48.666,49.344,48.506,49.267,49.267,3844152
2022-08-01,^TNX,49.23,49.273,49.167,49.234,49.234,4915236
2022-08-02,^TNX,49.213,49.631,48.852,49.527,49.527,6120334
2022-08-03,^TNX,49.409,49.613,49.344,49.549,49.549,6140508
2022-08-04,^TNX,49.541,49.715,49.0,49.099,49.099,5421938
2022-08-05,^TNX,49.107,49.312,49.049,49.199,49.199,4073526
2022-08-08,^TNX,49.166,49.201,48.926,49.024,49.024,6429974
2022-08-09,^TNX,49.087,49.627,48.814,49.346,49.346,4523099
2022-08-10,^TNX,49.233,49.285,48.976,49.073,49.073,3094310
2022-08-11,^TNX,49.125,49.277,48.998,49.117,49.117,4946917
2022-08-12,^TNX,48.782,48.998,48.574,48.901,48.901,2337043
2022-08-15,^TNX,49.117,49.276,48.625,48.655,48.655,7539960
2022-08-16,^TNX,48.654,48.683,48.246,48.363,48.363,5103240
2022-08-17,^TNX,48.312,48.373,47.943,48.006,48.006,8879070
2022-08-18,^TNX,48.065,48.119,47.613,47.849,47.849,3847781
2022-08-19,^TNX,47.833,47.878,47.648,47.851,47.851,2516008
2022-08-22,^TNX,47.828,48.01,47.411,47.596,47.596,4553263
2022-08-23,^TNX,47.593,47.667,46.932,47.069,47.069,5752703
2022-08-24,^TNX,47.125,47.312,47.077,47.218,47.218,6739184
2022-08-25,^TNX,47.109,47.514,47.078,47.167,47.167,4444004
2022-08-26,^TNX,47.235,47.342,46.758,46.967,46.967,4251573
2022-08-29,^TNX,46.924,46.949,46.551,46.677,46.677,6324697
2022-08-30,^TNX,46.731,46.759,46.057,46.113,46.113,3843489
2022-08-31,^TNX,46.033,46.33,45.887,46.313,46.313,5237404
2022-09-01,^TNX,46.207,46.462,45.695,46.018,46.018,4308482
2022-09-02,^TNX,46.006,46.278,45.697,46.2,46.2,5952735
2022-09-05,^TNX,46.1,46.337,46.084,46.257,46.257,5882524
2022-09-06,^TNX,46.199,46.339,45.84,46.288,46.288,5732687
2022-09-07,^TNX,46.36,46.64,46.263,46.552,46.552,4715743
2022-09-08,^TNX,46.618,46.659,46.43,46.523,46.523,1801997
2022-09-09,^TNX,46.468,46.772,45.921,45.988,45.988,5390754
2022-09-12,^TNX,45.964,46.035,45.939,45.999,45.999,5175351
2022-09-13,^TNX,46.035,46.277,45.75,46.241,46.241,6549038
2022-09-14,^TNX,46.167,46.278,46.079,46.24,46.24,6244617
2022-09-15,^TNX,46.081,46.143,45.663,45.806,45.806,5167793
2022-09-16,^TNX,45.712,46.125,45.422,45.649,45.649,5188777
2022-09-19,^TNX,45.745,45.872,45.729,45.844,45.844,7163939
2022-09-20,^TNX,45.999,45.999,45.477,45.52,45.52,6051101
2022-09-21,^TNX,45.554,45.73,44.937,45.049,45.049,5060790
2022-09-22,^TNX,44.932,45.51,44.62,45.446,45.446,6156977
2022-09-23,^TNX,45.477,45.734,44.995,45.33,45.33,5020484
2022-09-26,^TNX,45.366,45.641,45.16,45.584,45.584,4777715
2022-09-27,^TNX,45.624,45.671,45.185,45.374,45.374,5907377
2022-09-28,^TNX,45.532,45.598,45.15,45.387,45.387,5421901
2022-09-29,^TNX,45.484,45.516,45.284,45.361,45.361,7779481
2022-09-30,^TNX,45.477,45.576,44.511,44.56,44.56,3551474
2022-10-03,^TNX,44.499,44.601,44.497,44.522,44.522,2748831
2022-10-04,^TNX,44.496,44.644,44.417,44.599,44.599,6507279
2022-10-05,^TNX,44.603,44.985,44.554,44.707,44.707,4371009
2022-10-06,^TNX,44.782,44.846,44.495,44.57,44.57,4947921
2022-10-07,^TNX,44.57,44.825,44.365,44.748,44.748,4711520
2022-10-10,^TNX,44.816,45.141,44.802,45.102,45.102,5027167
2022-10-11,^TNX,45.198,45.474,45.068,45.404,45.404,2840612
2022-10-12,^TNX,45.442,45.662,45.27,45.561,45.561,4462172
2022-10-13,^TNX,45.733,45.834,45.047,45.238,45.238,5127140
2022-10-14,^TNX,45.221,45.427,45.134,45.385,45.385,5533942
2022-10-17,^TNX,45.45,45.673,45.268,45.269,45.269,5332654
2022-10-18,^TNX,45.198,45.3,44.821,45.127,45.127,5699082
2022-10-19,^TNX,45.131,45.375,45.071,45.374,45.374,5817246
2022-10-20,^TNX,45.454,45.661,45.433,45.61,45.61,2920333
2022-10-21,^TNX,45.761,45.775,45.645,45.707,45.707,6919917
2022-10-24,^TNX,45.733,45.917,45.499,45.762,45.762,1935648
2022-10-25,^TNX,45.886,45.985,45.673,45.761,45.761,5633071
2022-10-26,^TNX,45.928,46.15,45.805,46.021,46.021,3359998
2022-10-27,^TNX,46.024,46.089,45.907,45.913,45.913,4627267
2022-10-28,^TNX,46.033,46.24,45.997,46.095,46.095,3266968
2022-10-31,^TNX,46.236,46.329,46.169,46.218,46.218,5772896
2022-11-01,^TNX,46.203,46.464,46.128,46.462,46.462,3325773
2022-11-02,^TNX,46.536,46.551,46.033,46.156,46.156,4143880
2022-11-03,^TNX,45.99,46.226,45.93,46.211,46.211,6029988
2022-11-04,^TNX,46.033,46.093,45.87,45.983,45.983,2725007
2022-11-07,^TNX,45.874,45.97,45.549,45.893,45.893,5798756
2022-11-08,^TNX,45.923,46.113,45.829,46.041,46.041,4476596
2022-11-09,^TNX,46.106,46.296,45.865,46.06,46.06,4257610
2022-11-10,^TNX,45.896,46.83,45.831,46.498,46.498,3277559
2022-11-11,^TNX,46.477,46.624,46.372,46.471,46.471,6422708
2022-11-14,^TNX,46.457,46.622,46.333,46.622,46.622,6549579
2022-11-15,^TNX,46.505,46.989,46.441,46.947,46.947,5709493
2022-11-16,^TNX,46.916,46.941,46.114,46.159,46.159,2397626
2022-11-17,^TNX,46.253,46.418,45.861,45.877,45.877,5317287
2022-11-18,^TNX,45.878,46.015,45.638,45.982,45.982,4374787
2022-11-21,^TNX,46.074,46.373,45.977,46.295,46.295,4042875
2022-11-22,^TNX,46.372,46.372,45.908,46.168,46.168,6456840
2022-11-23,^TNX,46.222,47.149,45.933,46.941,46.941,4051168
2022-11-24,^TNX,46.931,47.395,46.844,46.919,46.919,4985365
2022-11-25,^TNX,46.95,46.958,46.731,46.93,46.93,5078884
2022-11-28,^TNX,46.833,46.95,46.663,46.705,46.705,4694611
2022-11-29,^TNX,46.823,47.185,46.788,46.911,46.911,7257071
2022-11-30,^TNX,47.082,47.219,47.034,47.062,47.062,5119011
2022-12-01,^TNX,46.946,47.049,46.803,46.902,46.902,6870230
2022-12-02,^TNX,46.796,47.359,46.689,47.298,47.298,1575623
2022-12-05,^TNX,47.296,47.44,47.031,47.056,47.056,3177948
2022-12-06,^TNX,46.934,47.6,46.787,47.542,47.542,4160373
2022-12-07,^TNX,47.596,47.846,47.29,47.823,47.823,6411714
2022-12-08,^TNX,47.703,47.876,47.573,47.84,47.84,5524170
2022-12-09,^TNX,48.064,48.187,47.704,47.901,47.901,5708584
2022-12-12,^TNX,48.088,48.161,47.643,47.715,47.715,6636875
2022-12-13,^TNX,47.783,47.855,47.348,47.493,47.493,4061146
2022-12-14,^TNX,47.447,47.853,47.437,47.615,47.615,7334960
2022-12-15,^TNX,47.731,47.997,47.482,47.549,47.549,3917492
2022-12-16,^TNX,47.51,47.81,46.899,46.914,46.914,7158430
2022-12-19,^TNX,46.826,47.566,46.818,47.323,47.323,7549591
2022-12-20,^TNX,47.136,47.236,46.806,47.235,47.235,5190494
2022-12-21,^TNX,47.152,47.269,47.111,47.18,47.18,3509695
2022-12-22,^TNX,47.326,47.394,47.097,47.217,47.217,5728933
2022-12-23,^TNX,47.356,47.404,46.939,47.177,47.177,2142814
2022-12-26,^TNX,47.234,47.685,47.0,47.608,47.608,3459288
2022-12-27,^TNX,47.606,47.871,47.364,47.769,47.769,6992510
2022-12-28,^TNX,47.627,47.866,47.494,47.803,47.803,5595635
2022-12-29,^TNX,47.745,48.247,47.546,47.997,47.997,4306366
2022-12-30,^TNX,47.948,48.137,47.87,47.988,47.988,4509895
2023-01-02,^TNX,47.97,48.223,47.276,47.396,47.396,5369380
2023-01-03,^TNX,47.307,47.412,47.017,47.07,47.07,3384112
2023-01-04,^TNX,47.137,47.455,47.069,47.369,47.369,5426411
2023-01-05,^TNX,47.302,47.856,47.124,47.615,47.615,5703132
2023-01-06,^TNX,47.558,47.64,47.374,47.557,47.557,4758786
2023-01-09,^TNX,47.614,48.071,47.504,47.764,47.764,3295790
2023-01-10,^TNX,47.807,48.047,47.804,48.008,48.008,2041734
2023-01-11,^TNX,48.114,48.197,47.987,48.06,48.06,5767738
2023-01-12,^TNX,47.985,47.993,47.583,47.688,47.688,5422364
2023-01-13,^TNX,47.77,48.031,47.256,47.294,47.294,5791000
2023-01-16,^TNX,47.133,47.406,46.964,47.346,47.346,5653520
2023-01-17,^TNX,47.32,47.577,47.32,47.541,47.541,4986097
2023-01-18,^TNX,47.438,48.282,47.405,48.057,48.057,4012659
2023-01-19,^TNX,48.04,48.231,47.754,47.957,47.957,3303809
2023-01-20,^TNX,48.084,48.106,47.507,47.751,47.751,3766701
2023-01-23,^TNX,47.532,48.254,47.527,48.175,48.175,4379872
2023-01-24,^TNX,48.302,48.372,48.049,48.353,48.353,3171483
2023-01-25,^TNX,48.472,48.603,48.068,48.288,48.288,6080231
2023-01-26,^TNX,48.243,48.821,48.186,48.701,48.701,5937852
2023-01-27,^TNX,48.617,48.839,48.536,48.689,48.689,6625247
2023-01-30,^TNX,48.716,49.039,48.681,49.014,49.014,5438096
2023-01-31,^TNX,48.826,49.286,48.768,49.092,49.092,4687435
2023-02-01,^TNX,49.223,49.359,48.486,48.792,48.792,5663384
2023-02-02,^TNX,48.972,49.007,48.114,48.203,48.203,5220613
2023-02-03,^TNX,48.126,48.42,48.023,48.363,48.363,5834858
2023-02-06,^TNX,48.306,48.606,47.866,47.88,47.88,4413656
2023-02-07,^TNX,47.938,48.663,47.802,48.644,48.644,3816583
2023-02-08,^TNX,48.564,48.589,48.351,48.427,48.427,4953165
2023-02-09,^TNX,48.359,48.619,48.077,48.231,48.231,3314444
2023-02-10,^TNX,48.303,48.338,48.064,48.212,48.212,5693817
2023-02-13,^TNX,48.208,48.459,48.142,48.206,48.206,6551776
2023-02-14,^TNX,48.271,48.484,47.854,47.956,47.956,5612600
2023-02-15,^TNX,48.097,48.112,47.957,47.975,47.975,4446248
2023-02-16,^TNX,47.889,48.373,47.807,48.193,48.193,5491751
2023-02-17,^TNX,48.213,48.503,47.705,47.779,47.779,3302486
2023-02-20,^TNX,47.665,47.935,47.486,47.671,47.671,5673551
2023-02-21,^TNX,47.766,47.775,47.223,47.373,47.373,6156259
2023-02-22,^TNX,47.36,47.608,47.248,47.33,47.33,5250593
2023-02-23,^TNX,47.347,47.678,47.202,47.441,47.441,6823028
2023-02-24,^TNX,47.575,47.618,47.19,47.358,47.358,4955595
2023-02-27,^TNX,47.215,47.733,46.963,47.659,47.659,2576827
2023-02-28,^TNX,47.692,47.735,47.193,47.429,47.429,3445297
2023-03-01,^TNX,47.322,47.731,47.271,47.546,47.546,5370237
2023-03-02,^TNX,47.593,47.66,47.427,47.648,47.648,5374266
2023-03-03,^TNX,47.468,47.627,47.325,47.584,47.584,5333998
2023-03-06,^TNX,47.538,47.716,47.253,47.406,47.406,6550053
2023-03-07,^TNX,47.363,47.422,47.133,47.312,47.312,5452306
2023-03-08,^TNX,47.426,47.814,47.238,47.806,47.806,4546077
2023-03-09,^TNX,47.844,48.04,47.756,48.022,48.022,5579104
2023-03-10,^TNX,47.905,48.645,47.827,48.428,48.428,5707294
2023-03-13,^TNX,48.359,48.451,48.165,48.333,48.333,5675525
2023-03-14,^TNX,48.437,48.777,48.285,48.675,48.675,4786304
2023-03-15,^TNX,48.641,48.827,48.451,48.541,48.541,5734346
2023-03-16,^TNX,48.559,48.858,48.058,48.278,48.278,5639584
2023-03-17,^TNX,48.229,48.425,47.848,48.178,48.178,6400801
2023-03-20,^TNX,48.262,48.279,47.944,47.989,47.989,6512582
2023-03-21,^TNX,48.091,48.285,47.798,47.839,47.839,4508420
2023-03-22,^TNX,48.051,48.202,47.873,47.995,47.995,3745306
2023-03-23,^TNX,47.93,48.051,47.691,47.861,47.861,5657820
2023-03-24,^TNX,47.797,48.379,47.66,48.158,48.158,4901225
2023-03-27,^TNX,48.172,48.743,47.969,48.688,48.688,3225916
2023-03-28,^TNX,48.649,49.468,48.588,49.373,49.373,6429329
2023-03-29,^TNX,49.215,49.545,49.171,49.456,49.456,4887818
2023-03-30,^TNX,49.545,49.869,49.369,49.443,49.443,5964210
2023-03-31,^TNX,49.551,49.929,49.416,49.677,49.677,8009126
2023-04-03,^TNX,49.531,49.537,49.072,49.319,49.319,5643506
2023-04-04,^TNX,49.27,49.82,49.208,49.608,49.608,5034893
2023-04-05,^TNX,49.722,49.824,49.127,49.218,49.218,5424675
2023-04-06,^TNX,49.002,49.431,48.933,49.237,49.237,3239450
2023-04-07,^TNX,49.25,49.506,48.786,48.836,48.836,5031312
2023-04-10,^TNX,48.853,49.165,48.523,49.069,49.069,4566866
2023-04-11,^TNX,49.008,49.147,48.574,48.809,48.809,5194781
2023-04-12,^TNX,48.841,49.031,48.731,48.886,48.886,3136896
2023-04-13,^TNX,48.93,49.348,48.803,49.265,49.265,5011157
2023-04-14,^TNX,49.121,49.445,48.99,49.206,49.206,5621593
2023-04-17,^TNX,49.307,49.588,49.231,49.549,49.549,2841577
2023-04-18,^TNX,49.527,49.601,49.046,49.082,49.082,4159821
2023-04-19,^TNX,49.229,49.32,48.713,48.761,48.761,5180108
2023-04-20,^TNX,48.623,49.064,48.428,48.895,48.895,3751073
2023-04-21,^TNX,48.846,48.891,48.532,48.676,48.676,5800848
2023-04-24,^TNX,48.599,48.752,48.517,48.534,48.534,6234580
2023-04-25,^TNX,48.475,48.919,48.451,48.88,48.88,4111799
2023-04-26,^TNX,49.094,49.306,48.641,48.766,48.766,3317636
2023-04-27,^TNX,48.723,49.115,48.719,48.761,48.761,5142963
2023-04-28,^TNX,48.759,48.954,48.708,48.759,48.759,4025909
2023-05-01,^TNX,48.744,48.865,48.096,48.397,48.397,3953027
2023-05-02,^TNX,48.346,48.444,47.784,47.859,47.859,5510477
2023-05-03,^TNX,47.796,47.852,47.541,47.605,47.605,6000149
2023-05-04,^TNX,47.668,47.808,47.357,47.74,47.74,9213406
2023-05-05,^TNX,47.666,47.801,47.625,47.758,47.758,6604419
2023-05-08,^TNX,47.793,47.92,47.733,47.743,47.743,3860692
2023-05-09,^TNX,47.803,47.836,47.297,47.385,47.385,4882252
2023-05-10,^TNX,47.361,47.442,47.191,47.282,47.282,5280172
2023-05-11,^TNX,47.309,47.501,47.29,47.366,47.366,5775134
2023-05-12,^TNX,47.29,47.493,47.203,47.389,47.389,6243187
2023-05-15,^TNX,47.373,47.502,47.24,47.333,47.333,4242924
2023-05-16,^TNX,47.174,47.82,47.17,47.703,47.703,5843274
2023-05-17,^TNX,47.618,48.009,47.509,47.789,47.789,3511765
2023-05-18,^TNX,47.812,47.854,47.645,47.652,47.652,7295420
2023-05-19,^TNX,47.785,48.271,47.743,48.207,48.207,6930694
2023-05-22,^TNX,48.256,48.35,47.909,47.925,47.925,4964521
2023-05-23,^TNX,47.967,48.314,47.937,48.273,48.273,5679255
2023-05-24,^TNX,48.345,48.523,47.766,47.939,47.939,6093650
2023-05-25,^TNX,47.86,48.071,47.727,47.969,47.969,6544367
2023-05-26,^TNX,47.941,47.965,47.863,47.909,47.909,8129026
2023-05-29,^TNX,47.868,48.286,47.775,48.168,48.168,4309967
2023-05-30,^TNX,47.998,48.448,47.87,48.035,48.035,4435746
2023-05-31,^TNX,47.901,48.617,47.877,48.44,48.44,6759159
2023-06-01,^TNX,48.475,48.546,48.274,48.537,48.537,2377088
2023-06-02,^TNX,48.65,48.724,48.509,48.662,48.662,5490270
2023-06-05,^TNX,48.694,48.924,48.637,48.852,48.852,3510949
2023-06-06,^TNX,48.742,48.792,48.656,48.789,48.789,7487637
2023-06-07,^TNX,48.884,49.208,48.783,49.168,49.168,4990957
2023-06-08,^TNX,49.116,49.213,48.888,48.892,48.892,3273040
2023-06-09,^TNX,48.759,48.961,48.497,48.624,48.624,2881956
2023-06-12,^TNX,48.685,48.963,48.598,48.666,48.666,2918706
2023-06-13,^TNX,48.733,48.897,48.731,48.774,48.774,3508188
2023-06-14,^TNX,48.951,49.44,48.684,49.334,49.334,5010174
2023-06-15,^TNX,49.294,49.593,48.93,49.024,49.024,5297159
2023-06-16,^TNX,49.151,49.326,48.783,48.799,48.799,4820708
2023-06-19,^TNX,48.781,48.835,48.558,48.682,48.682,5993179
2023-06-20,^TNX,48.736,48.895,48.166,48.415,48.415,3745634
2023-06-21,^TNX,48.574,48.796,48.356,48.773,48.773,4415354
2023-06-22,^TNX,48.814,49.185,48.663,49.036,49.036,4466672
2023-06-23,^TNX,49.124,49.192,48.992,49.047,49.047,4289236
2023-06-26,^TNX,49.173,49.908,49.083,49.829,49.829,4823386
2023-06-27,^TNX,49.951,50.242,49.596,49.767,49.767,5285409
2023-06-28,^TNX,49.71,49.728,49.46,49.601,49.601,1867384
2023-06-29,^TNX,49.76,49.77,49.62,49.633,49.633,5375341
2023-06-30,^TNX,49.62,49.688,49.168,49.539,49.539,4696823
2023-07-03,^TNX,49.475,49.674,49.153,49.607,49.607,3095626
2023-07-04,^TNX,49.613,50.011,49.5,49.932,49.932,6531836
2023-07-05,^TNX,50.119,50.575,49.742,50.255,50.255,4496684
2023-07-06,^TNX,50.194,50.228,49.41,49.418,49.418,4505313
2023-07-07,^TNX,49.505,49.566,48.915,49.099,49.099,4140323
2023-07-10,^TNX,49.072,49.379,49.049,49.247,49.247,5113152
2023-07-11,^TNX,49.473,49.806,49.472,49.615,49.615,5058277
2023-07-12,^TNX,49.475,49.592,49.434,49.462,49.462,4867565
2023-07-13,^TNX,49.329,49.597,48.89,49.035,49.035,6432111
2023-07-14,^TNX,48.89,49.957,48.76,49.82,49.82,4846807
2023-07-17,^TNX,49.799,49.842,49.365,49.456,49.456,2076449
2023-07-18,^TNX,49.494,49.654,49.329,49.447,49.447,4336517
2023-07-19,^TNX,49.311,49.789,49.289,49.491,49.491,3178854
2023-07-20,^TNX,49.286,49.652,49.265,49.529,49.529,4697358
2023-07-21,^TNX,49.477,49.809,49.415,49.608,49.608,7799180
2023-07-24,^TNX,49.723,49.81,49.491,49.762,49.762,3386899
2023-07-25,^TNX,49.568,49.906,49.498,49.848,49.848,4936664
2023-07-26,^TNX,49.756,49.852,49.271,49.389,49.389,3819322
2023-07-27,^TNX,49.486,49.62,49.12,49.235,49.235,4479414
2023-07-28,^TNX,49.212,49.62,49.205,49.253,49.253,5384556
2023-07-31,^TNX,49.259,49.269,49.198,49.252,49.252,6030550
2023-08-01,^TNX,49.114,49.482,49.112,49.364,49.364,4644949
2023-08-02,^TNX,49.392,49.429,48.905,48.956,48.956,5189780
2023-08-03,^TNX,48.986,49.153,48.88,48.995,48.995,6139697
2023-08-04,^TNX,49.079,49.322,48.913,49.314,49.314,4815519
2023-08-07,^TNX,49.397,49.496,49.043,49.077,49.077,7900420
2023-08-08,^TNX,49.066,49.322,49.045,49.244,49.244,7318720
2023-08-09,^TNX,49.308,49.438,48.617,48.763,48.763,7161280
2023-08-10,^TNX,48.639,49.05,48.338,48.978,48.978,5355889
2023-08-11,^TNX,48.932,49.079,48.923,48.961,48.961,6618367
2023-08-14,^TNX,49.03,49.068,48.85,48.93,48.93,5382699
2023-08-15,^TNX,48.748,49.139,48.494,48.696,48.696,6297395
2023-08-16,^TNX,48.573,48.712,48.562,48.586,48.586,8034972
2023-08-17,^TNX,48.519,48.892,48.489,48.628,48.628,4199244
2023-08-18,^TNX,48.68,48.88,48.448,48.829,48.829,4118733
2023-08-21,^TNX,48.869,48.914,48.472,48.532,48.532,6385850
2023-08-22,^TNX,48.426,48.842,48.424,48.671,48.671,7123176
2023-08-23,^TNX,48.684,48.943,48.478,48.501,48.501,2006316
2023-08-24,^TNX,48.621,48.68,48.001,48.051,48.051,5065870
2023-08-25,^TNX,48.173,48.305,47.82,47.862,47.862,3664569
2023-08-28,^TNX,47.689,47.931,47.188,47.443,47.443,4585123
2023-08-29,^TNX,47.4,47.82,47.283,47.58,47.58,2341429
2023-08-30,^TNX,47.671,47.894,47.635,47.65,47.65,5638975
2023-08-31,^TNX,47.76,47.838,47.538,47.584,47.584,6778225
2023-09-01,^TNX,47.547,48.174,47.538,48.039,48.039,7210379
2023-09-04,^TNX,48.008,48.311,47.921,48.243,48.243,5367090
2023-09-05,^TNX,48.321,48.343,47.944,48.075,48.075,5661136
2023-09-06,^TNX,48.23,48.418,48.105,48.127,48.127,3087851
2023-09-07,^TNX,48.081,48.201,47.929,48.173,48.173,7109843
2023-09-08,^TNX,48.029,48.671,47.899,48.569,48.569,6838933
2023-09-11,^TNX,48.532,48.8,48.514,48.766,48.766,4182206
2023-09-12,^TNX,48.84,49.36,48.814,49.201,49.201,2805162
2023-09-13,^TNX,48.964,49.108,48.838,48.92,48.92,6401046
2023-09-14,^TNX,48.822,49.03,48.686,49.022,49.022,5131941
2023-09-15,^TNX,49.06,49.248,48.894,49.151,49.151,4613859
2023-09-18,^TNX,49.069,49.789,49.002,49.605,49.605,6625960
2023-09-19,^TNX,49.576,49.864,49.445,49.672,49.672,4054336
2023-09-20,^TNX,49.694,49.963,49.614,49.856,49.856,5091351
2023-09-21,^TNX,49.853,50.229,49.772,50.128,50.128,6692538
2023-09-22,^TNX,50.097,50.836,49.98,50.778,50.778,5299418
2023-09-25,^TNX,50.71,50.718,50.145,50.455,50.455,6337367
2023-09-26,^TNX,50.562,50.724,50.086,50.245,50.245,6272740
2023-09-27,^TNX,50.37,50.603,50.16,50.204,50.204,6626797
2023-09-28,^TNX,50.325,50.349,50.112,50.225,50.225,5649183
2023-09-29,^TNX,50.338,50.348,49.902,50.021,50.021,5656818
2023-10-02,^TNX,50.13,50.28,49.715,49.832,49.832,5302297
2023-10-03,^TNX,49.756,49.823,49.297,49.373,49.373,3143689
2023-10-04,^TNX,49.37,49.793,49.338,49.64,49.64,8457689
2023-10-05,^TNX,49.837,49.84,49.636,49.74,49.74,7935289
2023-10-06,^TNX,49.607,50.055,49.349,49.906,49.906,3015672
2023-10-09,^TNX,49.813,50.153,49.782,49.965,49.965,5323977
2023-10-10,^TNX,49.951,49.99,49.911,49.968,49.968,4599056
2023-10-11,^TNX,49.91,50.613,49.877,50.533,50.533,2390149
2023-10-12,^TNX,50.656,50.74,49.741,49.838,49.838,4365928
2023-10-13,^TNX,49.796,50.087,49.643,50.053,50.053,1567209
2023-10-16,^TNX,49.99,50.049,49.917,50.003,50.003,9012784
2023-10-17,^TNX,49.906,50.083,49.603,50.083,50.083,6033072
2023-10-18,^TNX,50.059,50.166,49.414,49.595,49.595,5218331
2023-10-19,^TNX,49.553,50.152,49.159,50.134,50.134,5363250
2023-10-20,^TNX,50.11,50.131,49.946,50.124,50.124,6652915
2023-10-23,^TNX,50.108,50.166,49.962,50.069,50.069,6332989
2023-10-24,^TNX,50.061,50.238,50.007,50.045,50.045,5355456
2023-10-25,^TNX,50.09,50.309,50.069,50.159,50.159,6642603
2023-10-26,^TNX,50.117,50.2,50.076,50.091,50.091,2230750
2023-10-27,^TNX,50.237,50.305,50.006,50.255,50.255,1334276
2023-10-30,^TNX,50.176,50.292,50.015,50.109,50.109,4695228
2023-10-31,^TNX,50.208,50.683,50.074,50.474,50.474,4148646
2023-11-01,^TNX,50.522,50.566,49.784,49.809,49.809,4163633
2023-11-02,^TNX,49.811,50.089,49.726,49.947,49.947,6167510
2023-11-03,^TNX,49.905,50.434,49.834,50.388,50.388,4040336
2023-11-06,^TNX,50.355,50.391,50.102,50.34,50.34,5448849
2023-11-07,^TNX,50.35,50.483,50.123,50.438,50.438,6343378
2023-11-08,^TNX,50.613,50.813,49.841,50.125,50.125,5488446
2023-11-09,^TNX,50.254,50.408,49.472,49.538,49.538,5546608
2023-11-10,^TNX,49.429,49.64,48.631,48.812,48.812,6366037
2023-11-13,^TNX,48.895,48.926,48.605,48.776,48.776,4957615
2023-11-14,^TNX,48.734,49.304,48.642,48.939,48.939,3128494
2023-11-15,^TNX,48.942,49.357,48.824,49.046,49.046,4019095
2023-11-16,^TNX,49.161,49.315,48.829,49.091,49.091,7175127
2023-11-17,^TNX,49.06,49.338,48.975,49.317,49.317,6224371
2023-11-20,^TNX,49.361,49.793,49.244,49.523,49.523,6890209
2023-11-21,^TNX,49.602,49.995,49.574,49.94,49.94,6659867
2023-11-22,^TNX,49.903,50.548,49.892,50.322,50.322,6809094
2023-11-23,^TNX,50.222,50.884,50.003,50.747,50.747,6921473
2023-11-24,^TNX,50.772,50.887,50.409,50.51,50.51,6398386
2023-11-27,^TNX,50.5,50.692,50.364,50.691,50.691,5452292
2023-11-28,^TNX,50.586,50.64,50.301,50.426,50.426,3388362
2023-11-29,^TNX,50.579,50.854,50.51,50.812,50.812,7000625
2023-11-30,^TNX,51.02,51.227,50.816,51.034,51.034,5180773
2023-12-01,^TNX,51.129,51.281,50.253,50.27,50.27,5133130
2023-12-04,^TNX,50.147,50.434,50.028,50.249,50.249,3463614
2023-12-05,^TNX,50.385,50.586,49.851,49.96,49.96,8009942
2023-12-06,^TNX,49.949,50.507,49.74,50.503,50.503,4279396
2023-12-07,^TNX,50.433,50.811,50.393,50.598,50.598,3112404
2023-12-08,^TNX,50.494,51.46,50.297,51.232,51.232,6298982
2023-12-11,^TNX,51.289,51.369,51.191,51.312,51.312,5973716
2023-12-12,^TNX,51.431,51.933,51.398,51.722,51.722,4172367
2023-12-13,^TNX,51.699,51.877,51.55,51.844,51.844,6700728
2023-12-14,^TNX,52.022,52.377,51.906,52.343,52.343,3120074
2023-12-15,^TNX,52.193,52.292,52.035,52.219,52.219,4452082
2023-12-18,^TNX,52.077,52.218,51.744,52.058,52.058,3615247
2023-12-19,^TNX,52.052,52.206,51.794,52.155,52.155,6205648
2023-12-20,^TNX,52.299,52.525,52.181,52.457,52.457,2875175
2023-12-21,^TNX,52.439,52.443,52.076,52.138,52.138,6876528
2023-12-22,^TNX,52.087,52.509,51.912,52.42,52.42,6237656
2023-12-25,^TNX,52.466,52.482,52.177,52.339,52.339,2873481
2023-12-26,^TNX,52.399,52.401,51.903,52.004,52.004,7762746
2023-12-27,^TNX,51.917,52.411,51.913,52.038,52.038,4835505
2023-12-28,^TNX,51.942,52.021,51.568,51.649,51.649,3803757
2023-12-29,^TNX,51.615,51.637,51.386,51.423,51.423,5206186
2024-01-01,^TNX,51.502,51.718,50.783,50.955,50.955,5965995
2024-01-02,^TNX,50.873,51.199,50.871,51.175,51.175,4030657
2024-01-03,^TNX,51.24,51.922,51.006,51.639,51.639,7149384
2024-01-04,^TNX,51.685,52.049,51.154,51.297,51.297,3572987
2024-01-05,^TNX,51.416,51.604,51.324,51.388,51.388,3057592
2024-01-08,^TNX,51.369,52.111,51.168,51.842,51.842,4464527
2024-01-09,^TNX,51.908,52.03,51.425,51.53,51.53,5021994
2024-01-10,^TNX,51.491,51.716,51.28,51.577,51.577,5626275
2024-01-11,^TNX,51.485,51.919,51.399,51.782,51.782,4291188
2024-01-12,^TNX,51.765,51.894,51.684,51.762,51.762,6757581
2024-01-15,^TNX,51.97,52.485,51.953,52.402,52.402,1943142
2024-01-16,^TNX,52.258,52.392,51.733,51.815,51.815,5408981
2024-01-17,^TNX,51.794,52.03,51.593,51.932,51.932,3751027
2024-01-18,^TNX,51.938,52.344,51.791,52.064,52.064,2474035
2024-01-19,^TNX,52.092,52.854,52.053,52.793,52.793,7058328
2024-01-22,^TNX,52.922,53.337,52.897,53.129,53.129,3481976
2024-01-23,^TNX,53.15,53.3,53.025,53.173,53.173,5504539
2024-01-24,^TNX,53.182,53.246,52.952,53.004,53.004,3012743
2024-01-25,^TNX,53.054,53.953,52.84,53.724,53.724,6114331
2024-01-26,^TNX,53.739,53.991,53.738,53.89,53.89,2962071
2024-01-29,^TNX,53.98,54.212,53.891,54.184,54.184,6571234
2024-01-30,^TNX,54.249,54.32,53.883,54.127,54.127,4456279
2024-01-31,^TNX,54.127,54.647,53.697,54.506,54.506,6081569
2024-02-01,^TNX,54.632,54.755,53.952,54.259,54.259,4712034
2024-02-02,^TNX,54.492,54.627,53.842,54.07,54.07,5618917
2024-02-05,^TNX,54.026,54.038,54.014,54.024,54.024,6268619
2024-02-06,^TNX,53.994,54.202,53.866,53.99,53.99,5471125
2024-02-07,^TNX,53.951,54.51,53.812,54.487,54.487,3314009
2024-02-08,^TNX,54.319,54.334,54.286,54.299,54.299,957538
2024-02-09,^TNX,54.356,54.415,53.522,53.947,53.947,3543220
2024-02-12,^TNX,53.861,54.074,53.861,53.999,53.999,6096644
2024-02-13,^TNX,53.963,54.398,53.92,54.295,54.295,4677920
2024-02-14,^TNX,54.132,54.836,54.05,54.797,54.797,4464202
2024-02-15,^TNX,54.618,54.669,54.222,54.658,54.658,3681214
2024-02-16,^TNX,54.479,55.107,54.38,54.919,54.919,8703176
2024-02-19,^TNX,54.912,54.957,54.794,54.833,54.833,5760646
2024-02-20,^TNX,55.084,55.091,54.643,54.903,54.903,4225211
2024-02-21,^TNX,54.931,54.998,54.477,54.484,54.484,2441971
2024-02-22,^TNX,54.468,55.046,54.3,54.937,54.937,6202947
2024-02-23,^TNX,54.882,55.119,54.754,55.116,55.116,4079972
2024-02-26,^TNX,55.112,55.744,54.986,55.653,55.653,5552477
2024-02-27,^TNX,55.614,55.634,54.843,55.243,55.243,2779399
2024-02-28,^TNX,55.37,55.547,54.947,55.026,55.026,536924
2024-02-29,^TNX,55.108,55.153,54.588,54.778,54.778,5321186
2024-03-01,^TNX,54.858,55.154,54.12,54.25,54.25,6455257
2024-03-04,^TNX,54.349,54.486,53.827,53.855,53.855,4892015
2024-03-05,^TNX,53.668,54.031,53.633,53.985,53.985,4714749
2024-03-06,^TNX,53.937,54.352,53.911,54.258,54.258,5029012
2024-03-07,^TNX,54.365,55.117,54.297,54.949,54.949,3901582
2024-03-08,^TNX,54.91,55.059,54.47,54.539,54.539,4804837
2024-03-11,^TNX,54.424,54.477,54.235,54.274,54.274,6335227
2024-03-12,^TNX,54.243,55.146,54.036,54.91,54.91,4449704
2024-03-13,^TNX,54.862,55.165,54.728,54.82,54.82,5120855
2024-03-14,^TNX,54.919,55.013,54.653,54.924,54.924,5537624
2024-03-15,^TNX,54.981,55.498,54.98,55.399,55.399,4652204
2024-03-18,^TNX,55.407,55.661,55.079,55.236,55.236,2595473
2024-03-19,^TNX,55.188,55.463,55.169,55.237,55.237,6257358
2024-03-20,^TNX,55.341,56.071,55.274,55.972,55.972,5191320
2024-03-21,^TNX,55.97,56.127,54.88,55.162,55.162,4796735
2024-03-22,^TNX,55.14,55.7,54.884,55.414,55.414,4876206
2024-03-25,^TNX,55.415,55.942,55.301,55.886,55.886,5748435
2024-03-26,^TNX,55.813,56.09,55.713,56.049,56.049,4810963
2024-03-27,^TNX,56.14,56.186,55.8,55.816,55.816,4372092
2024-03-28,^TNX,55.912,56.086,55.756,56.02,56.02,4018006
2024-03-29,^TNX,55.907,56.415,55.653,55.768,55.768,7075193
2024-04-01,^TNX,55.88,56.123,55.607,55.72,55.72,5533347
2024-04-02,^TNX,55.774,56.175,55.612,55.849,55.849,3598148
2024-04-03,^TNX,55.876,55.987,55.761,55.766,55.766,5304302
2024-04-04,^TNX,55.793,55.937,55.622,55.742,55.742,6832769
2024-04-05,^TNX,55.686,55.958,55.664,55.865,55.865,9480090
2024-04-08,^TNX,55.872,56.177,55.528,56.02,56.02,3150657
2024-04-09,^TNX,55.883,56.757,55.853,56.381,56.381,2011476
2024-04-10,^TNX,56.4,56.476,56.106,56.289,56.289,6490368
2024-04-11,^TNX,56.3,56.517,56.28,56.401,56.401,5315699
2024-04-12,^TNX,56.306,56.602,55.939,56.077,56.077,2988493
2024-04-15,^TNX,56.07,56.218,55.758,55.796,55.796,6650806
2024-04-16,^TNX,55.675,56.15,55.58,56.036,56.036,4713343
2024-04-17,^TNX,56.059,56.248,55.832,56.125,56.125,6657684
2024-04-18,^TNX,56.151,56.628,55.999,56.452,56.452,6299366
2024-04-19,^TNX,56.608,56.689,56.317,56.342,56.342,6056914
2024-04-22,^TNX,56.439,56.469,55.753,55.893,55.893,3944708
2024-04-23,^TNX,55.89,56.271,55.845,56.027,56.027,4430756
2024-04-24,^TNX,55.867,56.136,55.443,55.684,55.684,9080771
2024-04-25,^TNX,55.905,55.981,55.772,55.824,55.824,6864166
2024-04-26,^TNX,55.96,55.974,55.789,55.901,55.901,3567194
2024-04-29,^TNX,55.872,56.199,55.178,55.261,55.261,3778116
2024-04-30,^TNX,55.238,56.131,55.077,56.122,56.122,5018387
2024-05-01,^TNX,56.005,56.404,55.942,56.271,56.271,3805708
2024-05-02,^TNX,56.181,56.339,56.131,56.31,56.31,6018750
2024-05-03,^TNX,56.187,56.649,56.114,56.505,56.505,4619724
2024-05-06,^TNX,56.393,56.634,56.372,56.518,56.518,5713607
2024-05-07,^TNX,56.303,56.538,56.251,56.422,56.422,6739145
2024-05-08,^TNX,56.506,57.055,56.488,56.894,56.894,6162100
2024-05-09,^TNX,56.988,57.168,56.843,56.94,56.94,2818035
2024-05-10,^TNX,57.11,57.178,56.783,56.902,56.902,5044913
2024-05-13,^TNX,56.89,57.004,56.753,56.977,56.977,5934946
2024-05-14,^TNX,56.839,57.693,56.781,57.543,57.543,5553874
2024-05-15,^TNX,57.659,57.777,56.844,56.973,56.973,4708397
2024-05-16,^TNX,57.124,57.312,55.967,56.174,56.174,5673082
2024-05-17,^TNX,56.02,56.433,55.992,56.349,56.349,3510807
2024-05-20,^TNX,56.164,56.206,55.873,55.961,55.961,4060321
2024-05-21,^TNX,55.799,55.983,55.772,55.906,55.906,3642345
2024-05-22,^TNX,55.872,56.055,55.615,55.985,55.985,3469047
2024-05-23,^TNX,55.834,55.923,55.553,55.615,55.615,6543929
2024-05-24,^TNX,55.762,56.205,55.653,55.869,55.869,4440062
2024-05-27,^TNX,55.804,55.863,55.536,55.745,55.745,7098958
2024-05-28,^TNX,55.665,56.111,55.35,55.933,55.933,2670336
2024-05-29,^TNX,56.08,56.247,55.409,55.479,55.479,4356378
2024-05-30,^TNX,55.38,56.049,55.325,55.733,55.733,5688561
2024-05-31,^TNX,55.81,56.095,55.445,55.58,55.58,3472603
2024-06-03,^TNX,55.516,56.386,55.142,56.317,56.317,8316351
2024-06-04,^TNX,56.282,56.347,56.081,56.344,56.344,4937225
2024-06-05,^TNX,56.112,56.695,56.055,56.573,56.573,6376643
2024-06-06,^TNX,56.497,56.935,56.427,56.93,56.93,5149341
2024-06-07,^TNX,57.01,57.09,56.121,56.417,56.417,6866010
2024-06-10,^TNX,56.484,56.551,56.219,56.36,56.36,6455200
2024-06-11,^TNX,56.363,56.386,56.216,56.238,56.238,4947911
2024-06-12,^TNX,56.318,56.523,55.615,55.677,55.677,5602654
2024-06-13,^TNX,55.818,56.15,55.384,55.543,55.543,7087019
2024-06-14,^TNX,55.483,55.584,55.346,55.574,55.574,5555617
2024-06-17,^TNX,55.756,56.221,55.753,55.925,55.925,8057727
2024-06-18,^TNX,55.846,56.321,55.778,56.177,56.177,5814685
2024-06-19,^TNX,55.975,56.311,55.821,56.053,56.053,4390070
2024-06-20,^TNX,55.997,56.756,55.962,56.6,56.6,6465604
2024-06-21,^TNX,56.556,56.996,56.506,56.796,56.796,5035910
2024-06-24,^TNX,56.786,57.351,56.726,57.229,57.229,3229243
2024-06-25,^TNX,57.274,57.478,57.128,57.242,57.242,4948714
2024-06-26,^TNX,57.27,57.332,57.012,57.027,57.027,5603940
2024-06-27,^TNX,56.819,56.985,56.432,56.958,56.958,4694996
2024-06-28,^TNX,56.953,57.118,56.301,56.307,56.307,5501678
2024-07-01,^TNX,56.149,56.15,55.991,56.063,56.063,4853142
2024-07-02,^TNX,56.109,56.126,55.483,55.628,55.628,5094810
2024-07-03,^TNX,55.661,55.708,55.632,55.67,55.67,4503676
2024-07-04,^TNX,55.815,56.131,55.617,56.018,56.018,2783234
2024-07-05,^TNX,55.867,55.891,55.391,55.551,55.551,7679822
2024-07-08,^TNX,55.763,56.047,55.269,55.389,55.389,6916715
2024-07-09,^TNX,55.454,56.09,55.275,56.066,56.066,5426098
2024-07-10,^TNX,55.918,56.425,55.901,56.014,56.014,6067608
2024-07-11,^TNX,56.016,56.223,55.607,55.757,55.757,4543388
2024-07-12,^TNX,55.832,55.975,55.07,55.268,55.268,4632180
2024-07-15,^TNX,55.404,55.537,54.922,55.175,55.175,5932259
2024-07-16,^TNX,55.251,55.578,55.003,55.43,55.43,7295400
2024-07-17,^TNX,55.418,55.684,55.179,55.443,55.443,3807874
2024-07-18,^TNX,55.668,56.096,55.607,55.916,55.916,4766496
2024-07-19,^TNX,55.909,56.654,55.852,56.306,56.306,5882398
2024-07-22,^TNX,56.114,56.515,55.927,56.409,56.409,4360351
2024-07-23,^TNX,56.344,56.51,56.227,56.273,56.273,4098686
2024-07-24,^TNX,56.392,56.86,56.292,56.848,56.848,6943600
2024-07-25,^TNX,56.874,57.239,56.656,57.17,57.17,5319475
2024-07-26,^TNX,57.153,57.37,57.015,57.319,57.319,5160428
2024-07-29,^TNX,57.241,57.552,56.977,57.412,57.412,4624032
2024-07-30,^TNX,57.438,57.52,57.026,57.142,57.142,8150397
2024-07-31,^TNX,57.115,57.778,57.071,57.761,57.761,3563254
2024-08-01,^TNX,57.622,58.5,57.609,58.192,58.192,5073869
2024-08-02,^TNX,58.113,58.748,58.043,58.651,58.651,2308344
2024-08-05,^TNX,58.653,58.692,58.279,58.304,58.304,7945950
2024-08-06,^TNX,58.432,58.662,58.273,58.49,58.49,3477879
2024-08-07,^TNX,58.598,58.602,58.152,58.166,58.166,2427379
2024-08-08,^TNX,58.255,58.647,58.207,58.567,58.567,5199006
2024-08-09,^TNX,58.617,59.027,58.118,58.226,58.226,7169172
2024-08-12,^TNX,58.201,58.268,57.829,57.965,57.965,6107001
2024-08-13,^TNX,58.073,58.363,58.025,58.305,58.305,7027287
2024-08-14,^TNX,58.226,58.44,57.594,57.764,57.764,5543612
2024-08-15,^TNX,57.641,57.964,57.637,57.891,57.891,3022421
2024-08-16,^TNX,57.856,58.281,57.595,58.181,58.181,5793848
2024-08-19,^TNX,58.313,58.334,57.71,58.026,58.026,4892119
2024-08-20,^TNX,57.92,57.928,57.676,57.877,57.877,3070463
2024-08-21,^TNX,57.806,58.416,57.649,58.255,58.255,4881791
2024-08-22,^TNX,58.41,58.582,58.186,58.289,58.289,5253342
2024-08-23,^TNX,58.335,58.36,57.734,58.118,58.118,4938778
2024-08-26,^TNX,58.198,58.619,57.985,58.505,58.505,5119987
2024-08-27,^TNX,58.478,58.545,58.178,58.277,58.277,6961876
2024-08-28,^TNX,58.495,58.616,58.139,58.575,58.575,7979262
2024-08-29,^TNX,58.622,58.698,58.31,58.441,58.441,2818524
2024-08-30,^TNX,58.567,58.708,58.062,58.091,58.091,3891700
2024-09-02,^TNX,58.081,58.105,58.071,58.08,58.08,5735114
2024-09-03,^TNX,57.99,58.447,57.931,58.263,58.263,3869187
2024-09-04,^TNX,58.231,58.639,58.126,58.202,58.202,5005219
2024-09-05,^TNX,58.183,58.511,58.148,58.397,58.397,4886584
2024-09-06,^TNX,58.437,59.515,58.389,59.201,59.201,6846938
2024-09-09,^TNX,59.025,59.298,58.702,59.142,59.142,5044370
2024-09-10,^TNX,58.995,59.493,58.889,59.239,59.239,4117566
2024-09-11,^TNX,59.397,59.461,58.953,59.018,59.018,3801231
2024-09-12,^TNX,58.97,59.333,58.769,59.224,59.224,3063733
2024-09-13,^TNX,59.144,59.248,58.857,58.981,58.981,4118288
2024-09-16,^TNX,58.786,59.187,58.467,58.535,58.535,7313351
2024-09-17,^TNX,58.698,58.737,58.085,58.55,58.55,4594881
2024-09-18,^TNX,58.607,58.632,58.414,58.447,58.447,4915045
2024-09-19,^TNX,58.43,58.588,58.344,58.392,58.392,6663403
2024-09-20,^TNX,58.41,58.63,58.144,58.517,58.517,3552845
2024-09-23,^TNX,58.793,59.002,57.681,57.888,57.888,6065425
2024-09-24,^TNX,57.918,57.979,57.563,57.782,57.782,4850927
2024-09-25,^TNX,57.619,58.235,57.482,58.19,58.19,4516858
2024-09-26,^TNX,58.151,58.244,58.037,58.099,58.099,6631831
2024-09-27,^TNX,58.176,58.192,57.68,57.702,57.702,5019686
2024-09-30,^TNX,57.753,58.654,57.576,58.459,58.459,2187934
2024-10-01,^TNX,58.218,58.482,58.129,58.185,58.185,9056713
2024-10-02,^TNX,58.227,58.791,58.049,58.626,58.626,6818697
2024-10-03,^TNX,58.598,59.019,58.548,58.958,58.958,5491989
2024-10-04,^TNX,58.891,59.086,58.422,58.645,58.645,2029951
2024-10-07,^TNX,58.62,58.807,58.556,58.591,58.591,4509303
2024-10-08,^TNX,58.579,58.838,58.451,58.669,58.669,6441544
2024-10-09,^TNX,58.576,58.754,57.755,58.055,58.055,4285810
2024-10-10,^TNX,57.968,58.057,57.692,57.768,57.768,3447678
2024-10-11,^TNX,57.858,58.256,57.629,58.111,58.111,6387866
2024-10-14,^TNX,58.097,58.566,57.883,58.436,58.436,5800148
2024-10-15,^TNX,58.486,59.693,58.213,59.263,59.263,3612416
2024-10-16,^TNX,59.244,59.667,59.222,59.429,59.429,7044229
2024-10-17,^TNX,59.138,59.265,58.726,58.904,58.904,6543599
2024-10-18,^TNX,59.019,59.167,58.555,58.782,58.782,6667085
2024-10-21,^TNX,58.751,59.14,58.563,59.111,59.111,1493662
2024-10-22,^TNX,59.071,59.271,58.883,59.133,59.133,7041746
2024-10-23,^TNX,59.188,59.32,58.788,59.091,59.091,3067437
2024-10-24,^TNX,58.994,59.143,58.987,59.041,59.041,5405520
2024-10-25,^TNX,59.03,59.24,58.592,58.735,58.735,4455631
2024-10-28,^TNX,58.706,58.816,57.395,57.481,57.481,5502884
2024-10-29,^TNX,57.535,57.623,57.347,57.568,57.568,5735797
2024-10-30,^TNX,57.405,57.967,57.402,57.788,57.788,5473733
2024-10-31,^TNX,57.702,57.821,57.064,57.517,57.517,6622364
2024-11-01,^TNX,57.642,57.737,56.991,57.401,57.401,4775206
2024-11-04,^TNX,57.783,58.225,57.32,57.408,57.408,5505364
2024-11-05,^TNX,57.225,57.985,57.072,57.688,57.688,5187885
2024-11-06,^TNX,57.404,58.091,57.084,57.925,57.925,2606042
2024-11-07,^TNX,58.156,58.28,57.771,57.92,57.92,1798053
2024-11-08,^TNX,57.874,58.378,57.81,58.189,58.189,6769982
2024-11-11,^TNX,58.15,58.473,57.757,58.377,58.377,6182033
2024-11-12,^TNX,58.426,58.436,57.326,57.866,57.866,5072633
2024-11-13,^TNX,57.973,57.995,57.381,57.492,57.492,4371609
2024-11-14,^TNX,57.384,57.588,57.288,57.565,57.565,4891409
2024-11-15,^TNX,57.391,57.998,57.162,57.933,57.933,5531604
2024-11-18,^TNX,57.761,58.15,57.605,58.106,58.106,3051647
2024-11-19,^TNX,58.012,58.648,57.704,58.562,58.562,3415666
2024-11-20,^TNX,58.45,58.641,58.04,58.072,58.072,6272503
2024-11-21,^TNX,58.018,58.351,57.581,58.133,58.133,3958825
2024-11-22,^TNX,58.102,58.119,58.086,58.107,58.107,5198335
2024-11-25,^TNX,58.154,58.28,57.439,57.564,57.564,4820168
2024-11-26,^TNX,57.578,57.828,57.468,57.745,57.745,5296063
2024-11-27,^TNX,57.608,57.742,57.139,57.294,57.294,6872611
2024-11-28,^TNX,57.339,57.431,56.385,56.508,56.508,3985164
2024-11-29,^TNX,56.367,56.387,56.088,56.35,56.35,4292406
2024-12-02,^TNX,56.443,57.405,56.374,57.069,57.069,3902470
2024-12-03,^TNX,57.223,57.233,56.939,57.091,57.091,4158950
2024-12-04,^TNX,57.371,57.584,56.432,56.775,56.775,2232322
2024-12-05,^TNX,56.886,56.9,56.664,56.814,56.814,5668865
2024-12-06,^TNX,56.982,57.08,56.882,56.885,56.885,3021183
2024-12-09,^TNX,56.985,57.297,56.52,56.626,56.626,6546277
2024-12-10,^TNX,56.729,56.774,56.459,56.62,56.62,2225169
2024-12-11,^TNX,56.709,57.003,56.492,56.943,56.943,2519737
2024-12-12,^TNX,56.863,57.298,56.723,56.828,56.828,5269119
2024-12-13,^TNX,56.753,57.691,56.576,57.359,57.359,4242938
2024-12-16,^TNX,57.189,58.25,57.028,57.986,57.986,5433312
2024-12-17,^TNX,57.913,58.178,57.777,58.073,58.073,4612073
2024-12-18,^TNX,58.148,59.089,58.131,58.981,58.981,3287744
2024-12-19,^TNX,59.274,59.344,58.72,58.91,58.91,2748307
2024-12-20,^TNX,59.0,59.134,58.593,58.694,58.694,3876496
2024-12-23,^TNX,58.756,59.045,58.658,58.815,58.815,3257212
2024-12-24,^TNX,58.837,59.087,58.818,59.055,59.055,9449826
2024-12-25,^TNX,59.209,59.365,59.142,59.219,59.219,5703790
2024-12-26,^TNX,59.219,59.284,58.091,58.478,58.478,4673635
2024-12-27,^TNX,58.434,59.142,58.428,58.9,58.9,6018075
2024-12-30,^TNX,58.872,59.027,58.769,58.926,58.926,5504459
2024-12-31,^TNX,58.813,59.411,58.745,59.379,59.379,7078285
